#
# There is insufficient memory for the Java Runtime Environment to continue.
# Native memory allocation (mmap) failed to map 2097152 bytes. Error detail: G1 virtual space
# Possible reasons:
#   The system is out of physical RAM or swap space
#   This process is running with CompressedOops enabled, and the Java Heap may be blocking the growth of the native heap
# Possible solutions:
#   Reduce memory load on the system
#   Increase physical memory or swap space
#   Check if swap backing store is full
#   Decrease Java heap size (-Xmx/-Xms)
#   Decrease number of Java threads
#   Decrease Java thread stack sizes (-Xss)
#   Set larger code cache with -XX:ReservedCodeCacheSize=
#   JVM is running with Zero Based Compressed Oops mode in which the Java heap is
#     placed in the first 32GB address space. The Java Heap base address is the
#     maximum limit for the native heap growth. Please use -XX:HeapBaseMinAddress
#     to set the Java Heap base and to place the Java Heap above 32GB virtual address.
# This output file may be truncated or incomplete.
#
#  Out of Memory Error (os_windows.cpp:3564), pid=22248, tid=24288
#
# JRE version: Java(TM) SE Runtime Environment (24.0.2+12) (build 24.0.2+12-54)
# Java VM: Java HotSpot(TM) 64-Bit Server VM (24.0.2+12-54, mixed mode, sharing, tiered, compressed oops, compressed class ptrs, g1 gc, windows-amd64)
# No core dump will be written. Minidumps are not enabled by default on client versions of Windows
#

---------------  S U M M A R Y ------------

Command Line: CarreteraPareYSiga

Host: AMD Ryzen 7 5825U with Radeon Graphics         , 16 cores, 13G,  Windows 11 , 64 bit Build 22621 (10.0.22621.5415)
Time: Wed Sep 17 23:55:23 2025 Hora est. Pacífico, Sudamérica elapsed time: 31.595128 seconds (0d 0h 0m 31s)

---------------  T H R E A D  ---------------

Current thread (0x000002014b1894f0):  JavaThread "AWT-EventQueue-0"        [_thread_in_vm, id=24288, stack(0x0000005426c00000,0x0000005426d00000) (1024K)]

Stack: [0x0000005426c00000,0x0000005426d00000]
Native frames: (J=compiled Java code, j=interpreted, Vv=VM code, C=native code)
V  [jvm.dll+0x730829]  (no source info available)
V  [jvm.dll+0x8d9da3]  (no source info available)
V  [jvm.dll+0x8dc28d]  (no source info available)
V  [jvm.dll+0x8dc903]  (no source info available)
V  [jvm.dll+0x2a9f56]  (no source info available)
V  [jvm.dll+0x72cd55]  (no source info available)
V  [jvm.dll+0x72066a]  (no source info available)
V  [jvm.dll+0x390b7a]  (no source info available)
V  [jvm.dll+0x398906]  (no source info available)
V  [jvm.dll+0x384dc1]  (no source info available)
V  [jvm.dll+0x385484]  (no source info available)
V  [jvm.dll+0x384fe9]  (no source info available)
V  [jvm.dll+0x35d64e]  (no source info available)
V  [jvm.dll+0x35b82f]  (no source info available)
V  [jvm.dll+0x6b778b]  (no source info available)
V  [jvm.dll+0x264bb2]  (no source info available)
V  [jvm.dll+0x8998c7]  (no source info available)
V  [jvm.dll+0x1c38ab]  (no source info available)
C  0x000002016354f351  (no source info available)

The last pc belongs to C1 Runtime new_type_array_blob (printed below).
Java frames: (J=compiled Java code, j=interpreted, Vv=VM code)
v  ~RuntimeStub::C1 Runtime new_type_array_blob 0x000002016354f351
J 1804 c1 java.awt.image.Raster.createPackedRaster(III[ILjava/awt/Point;)Ljava/awt/image/WritableRaster; java.desktop@24.0.2 (103 bytes) @ 0x000002015c2b0305 [0x000002015c2af8e0+0x0000000000000a25]
J 1803 c1 java.awt.image.DirectColorModel.createCompatibleWritableRaster(II)Ljava/awt/image/WritableRaster; java.desktop@24.0.2 (114 bytes) @ 0x000002015c2af404 [0x000002015c2af0a0+0x0000000000000364]
J 1878 c1 sun.awt.Win32GraphicsConfig.createAcceleratedImage(Ljava/awt/Component;II)Ljava/awt/Image; java.desktop@24.0.2 (34 bytes) @ 0x000002015c2dd0bc [0x000002015c2dcee0+0x00000000000001dc]
J 1877 c1 sun.awt.windows.WComponentPeer.createImage(II)Ljava/awt/Image; java.desktop@24.0.2 (22 bytes) @ 0x000002015c2dcb9c [0x000002015c2dc5c0+0x00000000000005dc]
J 1876 c1 java.awt.Component.createImage(II)Ljava/awt/Image; java.desktop@24.0.2 (48 bytes) @ 0x000002015c2dc21c [0x000002015c2dbf60+0x00000000000002bc]
J 1872 c1 kareltherobot.RobotWorldWindow$ViewCanvas.update(Ljava/awt/Graphics;)V (341 bytes) @ 0x000002015c2d9e84 [0x000002015c2d94a0+0x00000000000009e4]
J 1775 c1 sun.awt.RepaintArea.paint(Ljava/lang/Object;Z)V java.desktop@24.0.2 (354 bytes) @ 0x000002015c28e40c [0x000002015c28d580+0x0000000000000e8c]
J 1781 c1 sun.awt.windows.WComponentPeer.handleEvent(Ljava/awt/AWTEvent;)V java.desktop@24.0.2 (173 bytes) @ 0x000002015c2a4b8c [0x000002015c2a3d60+0x0000000000000e2c]
J 1601 c1 java.awt.Component.dispatchEventImpl(Ljava/awt/AWTEvent;)V java.desktop@24.0.2 (785 bytes) @ 0x000002015c246ae4 [0x000002015c241a60+0x0000000000005084]
J 1207 c1 java.awt.EventQueue.dispatchEventImpl(Ljava/awt/AWTEvent;Ljava/lang/Object;)V java.desktop@24.0.2 (139 bytes) @ 0x000002015c1bafe4 [0x000002015c1bab20+0x00000000000004c4]
J 1206 c1 java.awt.EventQueue.dispatchEvent(Ljava/awt/AWTEvent;)V java.desktop@24.0.2 (48 bytes) @ 0x000002015c1ba534 [0x000002015c1ba2e0+0x0000000000000254]
J 1230 c1 java.awt.EventDispatchThread.pumpOneEventForFilters(I)V java.desktop@24.0.2 (106 bytes) @ 0x000002015c1c6d54 [0x000002015c1c6540+0x0000000000000814]
j  java.awt.EventDispatchThread.pumpEventsForFilter(ILjava/awt/Conditional;Ljava/awt/EventFilter;)V+35 java.desktop@24.0.2
j  java.awt.EventDispatchThread.pumpEventsForHierarchy(ILjava/awt/Conditional;Ljava/awt/Component;)V+11 java.desktop@24.0.2
j  java.awt.EventDispatchThread.pumpEvents(ILjava/awt/Conditional;)V+4 java.desktop@24.0.2
j  java.awt.EventDispatchThread.pumpEvents(Ljava/awt/Conditional;)V+3 java.desktop@24.0.2
j  java.awt.EventDispatchThread.run()V+9 java.desktop@24.0.2
v  ~StubRoutines::call_stub 0x0000020163440fcd
Lock stack of current Java thread (top to bottom):
LockStack[0]: kareltherobot.RobotWorldWindow$ViewCanvas 
{0x0000000728cc90f0} - klass: 'kareltherobot/RobotWorldWindow$ViewCanvas' - flags: 

 - ---- fields (total size 31 words):
 - 'x' 'I' @12  0 (0x00000000)
 - 'eventMask' 'J' @16  4096 (0x0000000000001000)
 - 'y' 'I' @24  0 (0x00000000)
 - 'width' 'I' @28  1532 (0x000005fc)
 - 'height' 'I' @32  789 (0x00000315)
 - private 'isFocusTraversableOverridden' 'I' @36  1 (0x00000001)
 - private 'boundsOp' 'I' @40  3 (0x00000003)
 - private 'componentSerializedDataVersion' 'I' @44  4 (0x00000004)
 - 'ignoreRepaint' 'Z' @48  false (0x00)
 - 'visible' 'Z' @49  true (0x01)
 - 'enabled' 'Z' @50  true (0x01)
 - private volatile 'valid' 'Z' @51  true (0x01)
 - private 'nameExplicitlySet' 'Z' @52  false (0x00)
 - private 'focusable' 'Z' @53  true (0x01)
 - private 'focusTraversalKeysEnabled' 'Z' @54  true (0x01)
 - 'minSizeSet' 'Z' @55  false (0x00)
 - 'prefSizeSet' 'Z' @56  false (0x00)
 - 'maxSizeSet' 'Z' @57  false (0x00)
 - 'newEventsOnly' 'Z' @58  true (0x01)
 - 'isPacked' 'Z' @59  false (0x00)
 - private transient 'isAddNotifyComplete' 'Z' @60  true (0x01)
 - transient 'backgroundEraseDisabled' 'Z' @61  false (0x00)
 - private transient 'coalescingEnabled' 'Z' @62  false (0x00)
 - private 'autoFocusTransferOnDisposal' 'Z' @63  true (0x01)
 - volatile transient 'peer' 'Ljava/awt/peer/ComponentPeer;' @64  a 'sun/awt/windows/WCanvasPeer'{0x0000000728cc9458} (0xe519928b)
 - transient 'parent' 'Ljava/awt/Container;' @68  a 'java/awt/ScrollPane'{0x00000007ffc10330} (0xfff82066)
 - transient 'appContext' 'Lsun/awt/AppContext;' @72  a 'sun/awt/AppContext'{0x0000000728da03b8} (0xe51b4077)
 - 'foreground' 'Ljava/awt/Color;' @76  null (0x00000000)
 - 'background' 'Ljava/awt/Color;' @80  a 'java/awt/Color'{0x0000000728d9e130} (0xe51b3c26)
 - volatile 'font' 'Ljava/awt/Font;' @84  null (0x00000000)
 - 'peerFont' 'Ljava/awt/Font;' @88  a 'java/awt/Font'{0x0000000728dc3fa0} (0xe51b87f4)
 - 'cursor' 'Ljava/awt/Cursor;' @92  null (0x00000000)
 - 'locale' 'Ljava/util/Locale;' @96  null (0x00000000)
 - private volatile transient 'graphicsConfig' 'Ljava/awt/GraphicsConfiguration;' @100  a 'sun/java2d/d3d/D3DGraphicsConfig'{0x0000000728cc93a8} (0xe5199275)
 - private transient 'bufferStrategy' 'Ljava/awt/image/BufferStrategy;' @104  null (0x00000000)
 - 'dropTarget' 'Ljava/awt/dnd/DropTarget;' @108  null (0x00000000)
 - 'popups' 'Ljava/util/Vector;' @112  null (0x00000000)
 - private 'name' 'Ljava/lang/String;' @116  null (0x00000000)
 - 'focusTraversalKeys' '[Ljava/util/Set;' @120  null (0x00000000)
 - 'minSize' 'Ljava/awt/Dimension;' @124  null (0x00000000)
 - 'prefSize' 'Ljava/awt/Dimension;' @128  null (0x00000000)
 - 'maxSize' 'Ljava/awt/Dimension;' @132  null (0x00000000)
 - transient 'componentOrientation' 'Ljava/awt/ComponentOrientation;' @136  a 'java/awt/ComponentOrientation'{0x0000000728da09f0} (0xe51b413e)
 - transient 'componentListener' 'Ljava/awt/event/ComponentListener;' @140  null (0x00000000)
 - transient 'focusListener' 'Ljava/awt/event/FocusListener;' @144  null (0x00000000)
 - transient 'hierarchyListener' 'Ljava/awt/event/HierarchyListener;' @148  null (0x00000000)
 - transient 'hierarchyBoundsListener' 'Ljava/awt/event/HierarchyBoundsListener;' @152  null (0x00000000)
 - transient 'keyListener' 'Ljava/awt/event/KeyListener;' @156  a 'kareltherobot/RobotWorldWindow$ViewCanvas$ControlKeyListener'{0x00000007ffd6eeb0} (0xfffaddd6)
 - transient 'mouseListener' 'Ljava/awt/event/MouseListener;' @160  null (0x00000000)
 - transient 'mouseMotionListener' 'Ljava/awt/event/MouseMotionListener;' @164  a 'kareltherobot/RobotWorldWindow$MouseWatcher'{0x00000007ffc10788} (0xfff820f1)
 - transient 'mouseWheelListener' 'Ljava/awt/event/MouseWheelListener;' @168  null (0x00000000)
 - transient 'inputMethodListener' 'Ljava/awt/event/InputMethodListener;' @172  null (0x00000000)
 - private 'changeSupport' 'Ljava/beans/PropertyChangeSupport;' @176  null (0x00000000)
 - private transient 'objectLock' 'Ljava/lang/Object;' @180  a 'java/lang/Object'{0x00000007ffd6eea0} (0xfffaddd4)
 - private transient 'compoundShape' 'Lsun/java2d/pipe/Region;' @184  null (0x00000000)
 - private transient 'mixingCutoutRegion' 'Lsun/java2d/pipe/Region;' @188  null (0x00000000)
 - transient 'eventCache' '[Lsun/awt/EventQueueItem;' @192  a 'sun/awt/EventQueueItem'[5] {0x00000007ffd6ee78} (0xfffaddcf)
 - protected 'accessibleContext' 'Ljavax/accessibility/AccessibleContext;' @196  null (0x00000000)
 - private 'x1' 'I' @200  0 (0x00000000)
 - private 'y1' 'I' @204  0 (0x00000000)
 - private 'x2' 'I' @208  0 (0x00000000)
 - private 'y2' 'I' @212  0 (0x00000000)
 - private 'oldStreet' 'I' @216  0 (0x00000000)
 - private 'oldAvenue' 'I' @220  0 (0x00000000)
 - private 'oldFacing' 'I' @224  3 (0x00000003)
 - private 'scale' 'I' @228  37 (0x00000025)
 - private 'moved' 'Z' @232  false (0x00)
 - private 'turned' 'Z' @233  false (0x00)
 - private 'picked' 'Z' @234  false (0x00)
 - private 'resized' 'Z' @235  false (0x00)
 - private 'offScreen' 'Ljava/awt/Image;' @236  null (0x00000000)
 - private 'osg' 'Ljava/awt/Graphics;' @240  a 'sun/java2d/SunGraphics2D'{0x00000007283c35f0} (0xe50786be)
 - final synthetic 'this$0' 'Lkareltherobot/RobotWorldWindow;' @244  a 'kareltherobot/RobotWorldWindow'{0x0000000728da0220} (0xe51b4044)

--------------------------------------------------------------------------------
Decoding CodeBlob, name: C1 Runtime new_type_array_blob, at  [0x000002016354f260, 0x000002016354f470]  528 bytes
[MachCode]
  0x000002016354f260: 5548 8bec | 4881 ec80 | 0000 0048 | 8944 2478 | 4889 4c24 | 7048 8954 | 2468 4889 | 5c24 6048 
  0x000002016354f280: 896c 2450 | 4889 7424 | 4848 897c | 2440 4c89 | 4424 384c | 894c 2430 | 4c89 5424 | 284c 895c 
  0x000002016354f2a0: 2420 4c89 | 6424 184c | 896c 2410 | 4c89 7424 | 084c 893c | 2448 81ec | 1004 0000 | c5fb 1144 
  0x000002016354f2c0: 2428 c5fb | 114c 2430 | c5fb 1154 | 2438 c5fb | 115c 2440 | c5fb 1164 | 2448 c5fb | 116c 2450 
  0x000002016354f2e0: c5fb 1174 | 2458 c5fb | 117c 2460 | c57b 1144 | 2468 c57b | 114c 2470 | c57b 1154 | 2478 c57b 
  0x000002016354f300: 119c 2480 | 0000 00c5 | 7b11 a424 | 8800 0000 | c57b 11ac | 2490 0000 | 00c5 7b11 | b424 9800 
  0x000002016354f320: 0000 c57b | 11bc 24a0 | 0000 0048 | 8bd2 4c8b | c349 8bcf | c5f8 7749 | 89af b803 | 0000 4989 
  0x000002016354f340: a7a8 0300 | 0048 b880 | 386d 79fb | 7f00 00ff | d049 c787 | a803 0000 | 0000 0000 | 49c7 87b8 
  0x000002016354f360: 0300 0000 | 0000 0049 | c787 b003 | 0000 0000 | 0000 c5f8 | 7749 837f | 0800 0f84 | 1400 0000 
  0x000002016354f380: 498b 4708 | 49c7 8700 | 0400 0000 | 0000 00e9 | 4cdb ffff | 498b 8700 | 0400 0049 | c787 0004 
  0x000002016354f3a0: 0000 0000 | 0000 c5fb | 1044 2428 | c5fb 104c | 2430 c5fb | 1054 2438 | c5fb 105c | 2440 c5fb 
  0x000002016354f3c0: 1064 2448 | c5fb 106c | 2450 c5fb | 1074 2458 | c5fb 107c | 2460 c57b | 1044 2468 | c57b 104c 
  0x000002016354f3e0: 2470 c57b | 1054 2478 | c57b 109c | 2480 0000 | 00c5 7b10 | a424 8800 | 0000 c57b | 10ac 2490 
  0x000002016354f400: 0000 00c5 | 7b10 b424 | 9800 0000 | c57b 10bc | 24a0 0000 | 0048 81c4 | 1004 0000 | 4c8b 3c24 
  0x000002016354f420: 4c8b 7424 | 084c 8b6c | 2410 4c8b | 6424 184c | 8b5c 2420 | 4c8b 5424 | 284c 8b4c | 2430 4c8b 
  0x000002016354f440: 4424 3848 | 8b7c 2440 | 488b 7424 | 4848 8b6c | 2450 488b | 5c24 6048 | 8b54 2468 | 488b 4c24 
  0x000002016354f460: 7048 81c4 | 8000 0000 | c9c3 660f | 1f44 0000 
[/MachCode]
--------------------------------------------------------------------------------


Compiled method (c1) 31655 1804       3       java.awt.image.Raster::createPackedRaster (103 bytes)
 total in heap  [0x000002015c2af708,0x000002015c2b0608] = 3840
 relocation     [0x000002015c2af7e0,0x000002015c2af8d0] = 240
 main code      [0x000002015c2af8e0,0x000002015c2b0568] = 3208
 stub code      [0x000002015c2b0568,0x000002015c2b05f0] = 136
 metadata       [0x000002015c2b05f0,0x000002015c2b0608] = 24
 immutable data [0x0000020145ccee00,0x0000020145ccf128] = 808
 dependencies   [0x0000020145ccee00,0x0000020145ccee08] = 8
 nul chk table  [0x0000020145ccee08,0x0000020145ccee20] = 24
 scopes pcs     [0x0000020145ccee20,0x0000020145ccefc0] = 416
 scopes data    [0x0000020145ccefc0,0x0000020145ccf128] = 360

[Constant Pool (empty)]

[MachCode]
[Verified Entry Point]
  # {method} {0x0000020141587818} 'createPackedRaster' '(III[ILjava/awt/Point;)Ljava/awt/image/WritableRaster;' in 'java/awt/image/Raster'
  # parm0:    rdx       = int
  # parm1:    r8        = int
  # parm2:    r9        = int
  # parm3:    rdi:rdi   = '[I'
  # parm4:    rsi:rsi   = 'java/awt/Point'
  #           [sp+0xc0]  (sp of caller)
  0x000002015c2af8e0: 8984 2400 | 80ff ff55 | 4881 ecb0 | 0000 0090 | 4181 7f20 | 0300 0000 

  0x000002015c2af8f8: ;   {runtime_call StubRoutines (final stubs)}
  0x000002015c2af8f8: 7405 e801 | 601c 0748 | 8bda 4489 

  0x000002015c2af904: ;   {metadata(method data for {method} {0x0000020141587818} 'createPackedRaster' '(III[ILjava/awt/Point;)Ljava/awt/image/WritableRaster;' in 'java/awt/image/Raster')}
  0x000002015c2af904: 4424 7048 | baa8 e367 | 4101 0200 | 008b 82cc | 0000 0083 | c002 8982 | cc00 0000 | 25fe 0700 
  0x000002015c2af924: 0085 c00f | 8484 0900 

  0x000002015c2af92c: ;   {metadata(method data for {method} {0x0000020141587818} 'createPackedRaster' '(III[ILjava/awt/Point;)Ljava/awt/image/WritableRaster;' in 'java/awt/image/Raster')}
  0x000002015c2af92c: 0048 baa8 | e367 4101 | 0200 00b8 | 1801 0000 | 85db 488b | c8b8 2801 | 0000 480f | 45c1 83fb 
  0x000002015c2af94c: 0148 8bc8 | b838 0100 | 0048 0f45 | c183 fb02 | 488b c8b8 | 4801 0000 | 480f 45c1 | 83fb 0348 
  0x000002015c2af96c: 8bc8 b858 | 0100 0048 | 0f45 c148 | 8b0c 0241 | ba01 0000 | 0049 03ca | 4889 0c02 | 85db 0f84 
  0x000002015c2af98c: 3904 0000 | 83fb 010f | 84b3 0300 | 0083 fb03 | 0f85 2d08 | 0000 4889 | b424 8000 | 0000 4889 
  0x000002015c2af9ac: ;   {metadata('java/awt/image/DataBufferInt')}
  0x000002015c2af9ac: 7c24 7848 | baf0 db03 | 0101 0200 | 0049 8b87 | c801 0000 | 488d 7830 | 493b bfd8 | 0100 000f 
  0x000002015c2af9cc: 8701 0900 | 0049 89bf | c801 0000 | 48c7 0001 | 0000 0048 | 8bca 49ba | 0000 0000 | 0102 0000 
  0x000002015c2af9ec: 492b ca89 | 4808 4833 | c989 480c | 4833 c948 | 8948 1048 | 8948 1848 | 8948 2048 | 8948 2848 
  0x000002015c2afa0c: ;   {metadata(method data for {method} {0x0000020141587818} 'createPackedRaster' '(III[ILjava/awt/Point;)Ljava/awt/image/WritableRaster;' in 'java/awt/image/Raster')}
  0x000002015c2afa0c: 8bf8 48ba | a8e3 6741 | 0102 0000 | 4883 82c0 | 0100 0001 | 498b f141 

  0x000002015c2afa24: ;   {metadata(method data for {method} {0x000002014158ba70} '<init>' '(I)V' in 'java/awt/image/DataBufferInt')}
  0x000002015c2afa24: 0faf f048 | bfb8 cd67 | 4101 0200 | 008b 97cc | 0000 0083 | c202 8997 | cc00 0000 | 81e2 feff 
  0x000002015c2afa44: 1f00 85d2 | 0f84 9108 | 0000 488b 

  0x000002015c2afa50: ;   {metadata(method data for {method} {0x000002014158ba70} '<init>' '(I)V' in 'java/awt/image/DataBufferInt')}
  0x000002015c2afa50: f848 bab8 | cd67 4101 | 0200 0048 | 8382 1001 

  0x000002015c2afa60: ;   {oop(a 'sun/java2d/StateTrackable$State'{0x0000000728ce29b8})}
  0x000002015c2afa60: 0000 0149 | b8b8 29ce | 2807 0000 | 0044 894c | 2464 41b9 | 0300 0000 | 488b fe48 | 8bd0 4889 
  0x000002015c2afa80: 4424 6889 

  0x000002015c2afa84: ;   {optimized virtual_call}
  0x000002015c2afa84: 7424 60e8 

  0x000002015c2afa88: ; ImmutableOopMap {[104]=Oop [120]=Oop [128]=Oop }
                      ;*invokespecial <init> {reexecute=0 rethrow=0 return_oop=0}
                      ; - java.awt.image.DataBufferInt::<init>@6 (line 75)
                      ; - java.awt.image.Raster::createPackedRaster@69 (line 538)
  0x000002015c2afa88: 545e ffff 

  0x000002015c2afa8c: ;   {post_call_nop}
  0x000002015c2afa8c: 0f1f 8400 | 8403 0000 | 8b5c 2460 

  0x000002015c2afa98: ;   {metadata({type array int})}
  0x000002015c2afa98: 48ba 2882 | 1600 0102 | 0000 4863 | db48 8bfb | 4881 fbff | ffff 000f | 874b 0800 | 00be 1700 
  0x000002015c2afab8: 0000 488d | 349e 4883 | e6f8 498b | 87c8 0100 | 0048 8d34 | 3049 3bb7 | d801 0000 | 0f87 2608 
  0x000002015c2afad8: 0000 4989 | b7c8 0100 | 0048 2bf0 | 48c7 0001 | 0000 0048 | 8bca 49ba | 0000 0000 | 0102 0000 
  0x000002015c2afaf8: 492b ca89 | 4808 8958 | 0c48 83ee | 1048 85f6 | 0f84 1100 | 0000 4833 | db48 c1ee | 0348 895c 
  0x000002015c2afb18: f008 48ff | ce75 f64c | 8bc0 410f | be5f 4885 | db4c 8b4c | 2468 0f85 | d607 0000 | 4d8b d049 
  0x000002015c2afb38: c1ea 0345 | 8951 2449 | 8bc1 4933 | c048 c1e8 | 1548 83f8 | 000f 85d7 | 0700 00bb | 0100 0000 
  0x000002015c2afb58: ;   {metadata({type array int}[])}
  0x000002015c2afb58: 48ba 10e8 | 0301 0102 | 0000 4863 | db48 8bfb | 4881 fbff | ffff 000f | 87cd 0700 | 00be 1700 
  0x000002015c2afb78: 0000 488d | 349e 4883 | e6f8 498b | 87c8 0100 | 0048 8d34 | 3049 3bb7 | d801 0000 | 0f87 a807 
  0x000002015c2afb98: 0000 4989 | b7c8 0100 | 0048 2bf0 | 48c7 0001 | 0000 0048 | 8bca 49ba | 0000 0000 | 0102 0000 
  0x000002015c2afbb8: 492b ca89 | 4808 8958 | 0c48 83ee | 1048 85f6 | 0f84 1100 | 0000 4833 | db48 c1ee | 0348 895c 
  0x000002015c2afbd8: f008 48ff | ce75 f641 | 0fbe 5748 | 85d2 0f85 | 6007 0000 | 4c8b d049 | c1ea 0345 | 8951 2849 
  0x000002015c2afbf8: 8bd1 4833 | d048 c1ea | 1548 83fa | 000f 8561 | 0700 004d 

  0x000002015c2afc0c: ;   {metadata(method data for {method} {0x000002014158ba70} '<init>' '(I)V' in 'java/awt/image/DataBufferInt')}
  0x000002015c2afc0c: 85c0 48be | b8cd 6741 | 0102 0000 | 750c 808e | 1901 0000 | 01e9 df00 | 0000 418b | 5008 49ba 
  0x000002015c2afc2c: 0000 0000 | 0102 0000 | 4903 d248 | 3b96 2801 | 0000 750d | 4883 8630 | 0100 0001 | e960 0000 
  0x000002015c2afc4c: 0048 3b96 | 3801 0000 | 750d 4883 | 8640 0100 | 0001 e94a | 0000 0048 | 83be 2801 | 0000 0075 
  0x000002015c2afc6c: 1748 8996 | 2801 0000 | 48c7 8630 | 0100 0001 | 0000 00e9 | 2900 0000 | 4883 be38 | 0100 0000 
  0x000002015c2afc8c: 7517 4889 | 9638 0100 | 0048 c786 | 4001 0000 | 0100 0000 | e908 0000 | 0048 8386 | 2001 0000 
  0x000002015c2afcac: 018b 5008 | 49ba 0000 | 0000 0102 | 0000 4903 | d241 8b70 | 0849 ba00 | 0000 0001 | 0200 0049 
  0x000002015c2afccc: 03f2 488b | 92f0 0000 | 0048 3bf2 | 0f84 2700 | 0000 8b7a | 1448 3b14 | 3e0f 841a | 0000 0083 
  0x000002015c2afcec: ff20 0f85 | 9506 0000 

  0x000002015c2afcf4: ;   {runtime_call C1 Runtime slow_subtype_check_blob}
  0x000002015c2afcf4: 5652 e845 | 102a 075e | 5a85 d20f | 8484 0600 | 0048 8d50 | 1041 0fbe | 4748 85c0 | 0f85 7c06 
  0x000002015c2afd14: 0000 4d8b | d049 c1ea | 0344 8912 | 488b c249 | 33c0 48c1 | e815 4883 | f800 0f85 | 7c06 0000 
  0x000002015c2afd34: ;   {metadata(method data for {method} {0x0000020141587818} 'createPackedRaster' '(III[ILjava/awt/Point;)Ljava/awt/image/WritableRaster;' in 'java/awt/image/Raster')}
  0x000002015c2afd34: 48ba a8e3 | 6741 0102 | 0000 ff82 | d001 0000 | 498b c1e9 | 2e04 0000 | 4889 b424 | 8000 0000 
  0x000002015c2afd54: 4889 7c24 | 7844 894c | 2464 6690 

  0x000002015c2afd60: ;   {no_reloc}
  0x000002015c2afd60: e972 0600 | 0000 0000 | 0000 e972 | 0600 0048 

  0x000002015c2afd70: ;   {metadata(method data for {method} {0x0000020141587818} 'createPackedRaster' '(III[ILjava/awt/Point;)Ljava/awt/image/WritableRaster;' in 'java/awt/image/Raster')}
  0x000002015c2afd70: 8bd0 48be | a8e3 6741 | 0102 0000 | 4883 8698 | 0100 0001 | 448b 4c24 | 6445 0faf | c84d 8bc1 
  0x000002015c2afd90: 488b d048 | 8984 2488 | 0000 000f 

  0x000002015c2afd9c: ;   {optimized virtual_call}
  0x000002015c2afd9c: 1f40 00e8 

  0x000002015c2afda0: ; ImmutableOopMap {[120]=Oop [128]=Oop [136]=Oop }
                      ;*invokespecial <init> {reexecute=0 rethrow=0 return_oop=0}
                      ; - java.awt.image.Raster::createPackedRaster@54 (line 534)
  0x000002015c2afda0: bcec 1d07 

  0x000002015c2afda4: ;   {post_call_nop}
  0x000002015c2afda4: 0f1f 8400 | 9c06 0001 

  0x000002015c2afdac: ;   {metadata(method data for {method} {0x0000020141587818} 'createPackedRaster' '(III[ILjava/awt/Point;)Ljava/awt/image/WritableRaster;' in 'java/awt/image/Raster')}
  0x000002015c2afdac: 48ba a8e3 | 6741 0102 | 0000 ff82 | a801 0000 | 488b 8424 | 8800 0000 | e9b1 0300 | 0048 89b4 
  0x000002015c2afdcc: 2480 0000 | 0048 897c | 2478 4489 

  0x000002015c2afdd8: ;   {metadata('java/awt/image/DataBufferByte')}
  0x000002015c2afdd8: 4c24 6448 | ba00 0a01 | 0101 0200 | 0049 8b87 | c801 0000 | 488d 7830 | 493b bfd8 | 0100 000f 
  0x000002015c2afdf8: 87f1 0500 | 0049 89bf | c801 0000 | 48c7 0001 | 0000 0048 | 8bca 49ba | 0000 0000 | 0102 0000 
  0x000002015c2afe18: 492b ca89 | 4808 4833 | c989 480c | 4833 c948 | 8948 1048 | 8948 1848 | 8948 2048 | 8948 284c 
  0x000002015c2afe38: ;   {metadata(method data for {method} {0x0000020141587818} 'createPackedRaster' '(III[ILjava/awt/Point;)Ljava/awt/image/WritableRaster;' in 'java/awt/image/Raster')}
  0x000002015c2afe38: 8bc8 48bf | a8e3 6741 | 0102 0000 | 4883 8770 | 0100 0001 | 448b 4c24 | 6445 0faf 

  0x000002015c2afe54: ;   {metadata(method data for {method} {0x00000201415c34e8} '<init>' '(I)V' in 'java/awt/image/DataBufferByte')}
  0x000002015c2afe54: c848 bf30 | e667 4101 | 0200 008b | 97cc 0000 | 0083 c202 | 8997 cc00 | 0000 81e2 | feff 1f00 
  0x000002015c2afe74: 85d2 0f84 | 7f05 0000 

  0x000002015c2afe7c: ;   {metadata(method data for {method} {0x00000201415c34e8} '<init>' '(I)V' in 'java/awt/image/DataBufferByte')}
  0x000002015c2afe7c: 488b f848 | ba30 e667 | 4101 0200 | 0048 8382 | 1001 0000 

  0x000002015c2afe90: ;   {oop(a 'sun/java2d/StateTrackable$State'{0x0000000728ce29b8})}
  0x000002015c2afe90: 0149 b8b8 | 29ce 2807 | 0000 0049 | 8bd9 41b9 | 0000 0000 | 488b fb48 | 8bd0 4889 | 8424 9000 
  0x000002015c2afeb0: 0000 895c 

  0x000002015c2afeb4: ;   {optimized virtual_call}
  0x000002015c2afeb4: 2474 90e8 

  0x000002015c2afeb8: ; ImmutableOopMap {[120]=Oop [128]=Oop [144]=Oop }
                      ;*invokespecial <init> {reexecute=0 rethrow=0 return_oop=0}
                      ; - java.awt.image.DataBufferByte::<init>@6 (line 76)
                      ; - java.awt.image.Raster::createPackedRaster@39 (line 530)
  0x000002015c2afeb8: a4eb 1d07 

  0x000002015c2afebc: ;   {post_call_nop}
  0x000002015c2afebc: 0f1f 8400 | b407 0002 | 8b5c 2474 

  0x000002015c2afec8: ;   {metadata({type array byte})}
  0x000002015c2afec8: 48ba 187e | 1600 0102 | 0000 4863 | db48 8bfb | 4881 fbff | ffff 000f | 8737 0500 | 00be 1700 
  0x000002015c2afee8: 0000 488d | 341e 4883 | e6f8 498b | 87c8 0100 | 0048 8d34 | 3049 3bb7 | d801 0000 | 0f87 1205 
  0x000002015c2aff08: 0000 4989 | b7c8 0100 | 0048 2bf0 | 48c7 0001 | 0000 0048 | 8bca 49ba | 0000 0000 | 0102 0000 
  0x000002015c2aff28: 492b ca89 | 4808 8958 | 0c48 83ee | 1048 85f6 | 0f84 1100 | 0000 4833 | db48 c1ee | 0348 895c 
  0x000002015c2aff48: f008 48ff | ce75 f64c | 8bc0 410f | be5f 4885 | db4c 8b8c | 2490 0000 | 000f 85bf | 0400 004d 
  0x000002015c2aff68: 8bd0 49c1 | ea03 4589 | 5124 498b | c149 33c0 | 48c1 e815 | 4883 f800 | 0f85 c004 | 0000 bb01 
  0x000002015c2aff88: ;   {metadata({type array byte}[])}
  0x000002015c2aff88: 0000 0048 | baf8 4d05 | 0101 0200 | 0048 63db | 488b fb48 | 81fb ffff | ff00 0f87 | b604 0000 
  0x000002015c2affa8: be17 0000 | 0048 8d34 | 9e48 83e6 | f849 8b87 | c801 0000 | 488d 3430 | 493b b7d8 | 0100 000f 
  0x000002015c2affc8: 8791 0400 | 0049 89b7 | c801 0000 | 482b f048 | c700 0100 | 0000 488b | ca49 ba00 | 0000 0001 
  0x000002015c2affe8: 0200 0049 | 2bca 8948 | 0889 580c | 4883 ee10 | 4885 f60f | 8411 0000 | 0048 33db | 48c1 ee03 
  0x000002015c2b0008: 4889 5cf0 | 0848 ffce | 75f6 410f | be57 4885 | d20f 8549 | 0400 004c | 8bd0 49c1 | ea03 4589 
  0x000002015c2b0028: 5128 498b | d148 33d0 | 48c1 ea15 | 4883 fa00 | 0f85 4a04 | 0000 4d85 

  0x000002015c2b0040: ;   {metadata(method data for {method} {0x00000201415c34e8} '<init>' '(I)V' in 'java/awt/image/DataBufferByte')}
  0x000002015c2b0040: c048 bf30 | e667 4101 | 0200 0075 | 0c80 8f19 | 0100 0001 | e9df 0000 | 0041 8b50 | 0849 ba00 
  0x000002015c2b0060: 0000 0001 | 0200 0049 | 03d2 483b | 9728 0100 | 0075 0d48 | 8387 3001 | 0000 01e9 | 6000 0000 
  0x000002015c2b0080: 483b 9738 | 0100 0075 | 0d48 8387 | 4001 0000 | 01e9 4a00 | 0000 4883 | bf28 0100 | 0000 7517 
  0x000002015c2b00a0: 4889 9728 | 0100 0048 | c787 3001 | 0000 0100 | 0000 e929 | 0000 0048 | 83bf 3801 | 0000 0075 
  0x000002015c2b00c0: 1748 8997 | 3801 0000 | 48c7 8740 | 0100 0001 | 0000 00e9 | 0800 0000 | 4883 8720 | 0100 0001 
  0x000002015c2b00e0: ; implicit exception: dispatches to 0x000002015c2b04a0
  0x000002015c2b00e0: 8b50 0849 | ba00 0000 | 0001 0200 | 0049 03d2 | 418b 7808 | 49ba 0000 | 0000 0102 | 0000 4903 
  0x000002015c2b0100: fa48 8b92 | f000 0000 | 483b fa0f | 8427 0000 | 008b 7214 | 483b 1437 | 0f84 1a00 | 0000 83fe 
  0x000002015c2b0120: 200f 857e | 0300 0057 

  0x000002015c2b0128: ;   {runtime_call C1 Runtime slow_subtype_check_blob}
  0x000002015c2b0128: 52e8 120c | 2a07 5f5a | 85d2 0f84 | 6d03 0000 | 488d 5010 | 410f be7f | 4885 ff0f | 8565 0300 
  0x000002015c2b0148: 004d 8bd0 | 49c1 ea03 | 4489 1248 | 8bfa 4933 | f848 c1ef | 1548 83ff | 000f 8565 

  0x000002015c2b0164: ;   {metadata(method data for {method} {0x0000020141587818} 'createPackedRaster' '(III[ILjava/awt/Point;)Ljava/awt/image/WritableRaster;' in 'java/awt/image/Raster')}
  0x000002015c2b0164: 0300 0048 | baa8 e367 | 4101 0200 | 00ff 8280 | 0100 0049 | 8bc1 488b | 8c24 8000 | 0000 488b 
  0x000002015c2b0184: 7424 7844 | 8b4c 2464 | 8b7c 2470 

  0x000002015c2b0190: ;   {metadata(method data for {method} {0x0000020141587818} 'createPackedRaster' '(III[ILjava/awt/Point;)Ljava/awt/image/WritableRaster;' in 'java/awt/image/Raster')}
  0x000002015c2b0190: 48ba a8e3 | 6741 0102 | 0000 4883 | 8218 0200 | 0001 488b | d04c 8bc7 | 0f1f 8000 

  0x000002015c2b01ac: ;   {static_call}
  0x000002015c2b01ac: 0000 00e8 

  0x000002015c2b01b0: ; ImmutableOopMap {}
                      ;*invokestatic createPackedRaster {reexecute=0 rethrow=0 return_oop=0}
                      ; - java.awt.image.Raster::createPackedRaster@99 (line 546)
  0x000002015c2b01b0: 2cce 0400 

  0x000002015c2b01b4: ;   {post_call_nop}
  0x000002015c2b01b4: 0f1f 8400 | ac0a 0003 | 4881 c4b0 | 0000 005d 

  0x000002015c2b01c4: ;   {poll_return}
  0x000002015c2b01c4: 493b 6728 | 0f87 1603 | 0000 c390 

  0x000002015c2b01d0: ;   {no_reloc}
  0x000002015c2b01d0: e934 0300 | 0000 0000 | 0000 498b | 87c8 0100 | 0048 8d78 | 2849 3bbf | d801 0000 | 0f87 2103 
  0x000002015c2b01f0: 0000 4989 | bfc8 0100 | 0048 c700 | 0100 0000 | 488b ca49 | ba00 0000 | 0001 0200 | 0049 2bca 
  0x000002015c2b0210: 8948 0848 | 33c9 8948 | 0c48 33c9 | 4889 4810 | 4889 4818 | 4889 4820 

  0x000002015c2b0228: ;   {no_reloc}
  0x000002015c2b0228: e902 0300 | 0090 9090 | 9090 488b | d348 8984 | 2498 0000 

  0x000002015c2b023c: ;   {static_call}
  0x000002015c2b023c: 0066 90e8 

  0x000002015c2b0240: ; ImmutableOopMap {[152]=Oop }
                      ;*invokedynamic {reexecute=0 rethrow=0 return_oop=0}
                      ; - java.awt.image.Raster::createPackedRaster@82 (line 542)
  0x000002015c2b0240: 1cee 1d07 

  0x000002015c2b0244: ;   {post_call_nop}
  0x000002015c2b0244: 0f1f 8400 | 3c0b 0004 

  0x000002015c2b024c: ;   {metadata(method data for {method} {0x0000020141587818} 'createPackedRaster' '(III[ILjava/awt/Point;)Ljava/awt/image/WritableRaster;' in 'java/awt/image/Raster')}
  0x000002015c2b024c: 49b8 a8e3 | 6741 0102 | 0000 4d8d | 80f8 0100 | 0048 85c0 | 750b 41f6 | 0001 7505 | f049 8308 
  0x000002015c2b026c: 014c 8b84 | 2498 0000 

  0x000002015c2b0274: ;   {metadata(method data for {method} {0x0000020141587818} 'createPackedRaster' '(III[ILjava/awt/Point;)Ljava/awt/image/WritableRaster;' in 'java/awt/image/Raster')}
  0x000002015c2b0274: 0048 baa8 | e367 4101 | 0200 0048 | 8382 0802 | 0000 014c | 8bc0 488b | 9424 9800 | 0000 0f1f 
  0x000002015c2b0294: ;   {optimized virtual_call}
  0x000002015c2b0294: 4400 00e8 

  0x000002015c2b0298: ; ImmutableOopMap {[152]=Oop }
                      ;*invokespecial <init> {reexecute=0 rethrow=0 return_oop=0}
                      ; - java.awt.image.Raster::createPackedRaster@87 (line 542)
  0x000002015c2b0298: c4e7 1d07 

  0x000002015c2b029c: ;   {post_call_nop}
  0x000002015c2b029c: 0f1f 8400 | 940b 0005 | 488b 8424 | 9800 0000 | e9a5 0200 

  0x000002015c2b02b0: ;   {metadata({method} {0x0000020141587818} 'createPackedRaster' '(III[ILjava/awt/Point;)Ljava/awt/image/WritableRaster;' in 'java/awt/image/Raster')}
  0x000002015c2b02b0: 0049 ba10 | 7858 4101 | 0200 004c | 8954 2408 | 48c7 0424 | ffff ffff 

  0x000002015c2b02c8: ;   {runtime_call C1 Runtime counter_overflow_blob}
  0x000002015c2b02c8: e893 312a 

  0x000002015c2b02cc: ; ImmutableOopMap {rdi=Oop rsi=Oop }
                      ;*synchronization entry
                      ; - java.awt.image.Raster::createPackedRaster@-1 (line 528)
  0x000002015c2b02cc: 07e9 5bf6 | ffff 488b 

  0x000002015c2b02d4: ;   {runtime_call C1 Runtime fast_new_instance_blob}
  0x000002015c2b02d4: d2e8 86e9 

  0x000002015c2b02d8: ; ImmutableOopMap {[120]=Oop [128]=Oop }
                      ;*new {reexecute=0 rethrow=0 return_oop=0}
                      ; - java.awt.image.Raster::createPackedRaster@62 (line 538)
  0x000002015c2b02d8: 2907 e92c 

  0x000002015c2b02dc: ;   {metadata({method} {0x000002014158ba70} '<init>' '(I)V' in 'java/awt/image/DataBufferInt')}
  0x000002015c2b02dc: f7ff ff49 | ba68 ba58 | 4101 0200 | 004c 8954 | 2408 48c7 | 0424 ffff 

  0x000002015c2b02f4: ;   {runtime_call C1 Runtime counter_overflow_blob}
  0x000002015c2b02f4: ffff e865 

  0x000002015c2b02f8: ; ImmutableOopMap {rax=Oop [120]=Oop [128]=Oop }
                      ;*synchronization entry
                      ; - java.awt.image.DataBufferInt::<init>@-1 (line 75)
                      ; - java.awt.image.Raster::createPackedRaster@69 (line 538)
  0x000002015c2b02f8: 312a 07e9 | 4ef7 ffff 

  0x000002015c2b0300: ;   {runtime_call C1 Runtime new_type_array_blob}
  0x000002015c2b0300: e85b ef29 

  0x000002015c2b0304: ; ImmutableOopMap {[104]=Oop [120]=Oop [128]=Oop }
                      ;*newarray {reexecute=0 rethrow=0 return_oop=0}
                      ; - java.awt.image.DataBufferInt::<init>@11 (line 76)
                      ; - java.awt.image.Raster::createPackedRaster@69 (line 538)
  0x000002015c2b0304: 07e9 15f8 | ffff 418b | 5924 48c1 | e303 4883 | fb00 0f84 | 18f8 ffff | 4889 1c24 

  0x000002015c2b0320: ;   {runtime_call g1_pre_barrier_slow}
  0x000002015c2b0320: e83b 372a | 07e9 0af8 | ffff 4983 | f800 0f84 | 1ff8 ffff | 4c89 0c24 

  0x000002015c2b0338: ;   {runtime_call g1_post_barrier_slow}
  0x000002015c2b0338: e823 3a2a | 07e9 11f8 

  0x000002015c2b0340: ;   {runtime_call C1 Runtime new_object_array_blob}
  0x000002015c2b0340: ffff e819 

  0x000002015c2b0344: ; ImmutableOopMap {r8=Oop r9=Oop [120]=Oop [128]=Oop }
                      ;*anewarray {reexecute=0 rethrow=0 return_oop=0}
                      ; - java.awt.image.DataBufferInt::<init>@18 (line 77)
                      ; - java.awt.image.Raster::createPackedRaster@69 (line 538)
  0x000002015c2b0344: f229 07e9 | 93f8 ffff | 418b 5128 | 48c1 e203 | 4883 fa00 | 0f84 8ef8 | ffff 4889 

  0x000002015c2b0360: ;   {runtime_call g1_pre_barrier_slow}
  0x000002015c2b0360: 1424 e8f9 | 362a 07e9 | 80f8 ffff | 4883 f800 | 0f84 95f8 | ffff 4c89 

  0x000002015c2b0378: ;   {runtime_call g1_post_barrier_slow}
  0x000002015c2b0378: 0c24 e8e1 | 392a 07e9 | 87f8 ffff 

  0x000002015c2b0384: ;   {runtime_call C1 Runtime throw_null_pointer_exception_blob}
  0x000002015c2b0384: e8d7 db29 

  0x000002015c2b0388: ; ImmutableOopMap {r8=Oop r9=Oop rax=Oop [120]=Oop [128]=Oop }
                      ;*aastore {reexecute=1 rethrow=0 return_oop=0}
                      ; - (reexecute) java.awt.image.DataBufferInt::<init>@33 (line 78)
                      ; - java.awt.image.Raster::createPackedRaster@69 (line 538)
  0x000002015c2b0388: 074c 8904 

  0x000002015c2b038c: ;   {runtime_call C1 Runtime throw_array_store_exception_blob}
  0x000002015c2b038c: 24e8 ce00 

  0x000002015c2b0390: ; ImmutableOopMap {r8=Oop r9=Oop rax=Oop [120]=Oop [128]=Oop }
                      ;*aastore {reexecute=1 rethrow=0 return_oop=0}
                      ; - (reexecute) java.awt.image.DataBufferInt::<init>@33 (line 78)
                      ; - java.awt.image.Raster::createPackedRaster@69 (line 538)
  0x000002015c2b0390: 2a07 8b02 | 48c1 e003 | 4883 f800 | 0f84 74f9 | ffff 4889 

  0x000002015c2b03a4: ;   {runtime_call g1_pre_barrier_slow}
  0x000002015c2b03a4: 0424 e8b5 | 362a 07e9 | 66f9 ffff | 4983 f800 | 0f84 7af9 | ffff 4889 

  0x000002015c2b03bc: ;   {runtime_call g1_post_barrier_slow}
  0x000002015c2b03bc: 1424 e89d | 392a 07e9 | 6cf9 ffff 

  0x000002015c2b03c8: ;   {metadata(nullptr)}
  0x000002015c2b03c8: 48ba 0000 | 0000 0000 | 0000 b800 

  0x000002015c2b03d4: ;   {runtime_call C1 Runtime load_klass_patching_blob}
  0x000002015c2b03d4: 0f05 0ae8 

  0x000002015c2b03d8: ; ImmutableOopMap {[120]=Oop [128]=Oop }
                      ;*new {reexecute=1 rethrow=0 return_oop=0}
                      ; - (reexecute) java.awt.image.Raster::createPackedRaster@47 (line 534)
  0x000002015c2b03d8: 0420 2a07 | e97f f9ff | ff48 8bd2 

  0x000002015c2b03e4: ;   {runtime_call C1 Runtime new_instance_blob}
  0x000002015c2b03e4: e877 e529 

  0x000002015c2b03e8: ; ImmutableOopMap {[120]=Oop [128]=Oop }
                      ;*new {reexecute=0 rethrow=0 return_oop=0}
                      ; - java.awt.image.Raster::createPackedRaster@47 (line 534)
  0x000002015c2b03e8: 07e9 81f9 | ffff 488b 

  0x000002015c2b03f0: ;   {runtime_call C1 Runtime fast_new_instance_blob}
  0x000002015c2b03f0: d2e8 6ae8 

  0x000002015c2b03f4: ; ImmutableOopMap {[120]=Oop [128]=Oop }
                      ;*new {reexecute=0 rethrow=0 return_oop=0}
                      ; - java.awt.image.Raster::createPackedRaster@32 (line 530)
  0x000002015c2b03f4: 2907 e93c 

  0x000002015c2b03f8: ;   {metadata({method} {0x00000201415c34e8} '<init>' '(I)V' in 'java/awt/image/DataBufferByte')}
  0x000002015c2b03f8: faff ff49 | bae0 345c | 4101 0200 | 004c 8954 | 2408 48c7 | 0424 ffff 

  0x000002015c2b0410: ;   {runtime_call C1 Runtime counter_overflow_blob}
  0x000002015c2b0410: ffff e849 

  0x000002015c2b0414: ; ImmutableOopMap {rax=Oop [120]=Oop [128]=Oop }
                      ;*synchronization entry
                      ; - java.awt.image.DataBufferByte::<init>@-1 (line 76)
                      ; - java.awt.image.Raster::createPackedRaster@39 (line 530)
  0x000002015c2b0414: 302a 07e9 | 60fa ffff 

  0x000002015c2b041c: ;   {runtime_call C1 Runtime new_type_array_blob}
  0x000002015c2b041c: e83f ee29 

  0x000002015c2b0420: ; ImmutableOopMap {[120]=Oop [128]=Oop [144]=Oop }
                      ;*newarray {reexecute=0 rethrow=0 return_oop=0}
                      ; - java.awt.image.DataBufferByte::<init>@11 (line 77)
                      ; - java.awt.image.Raster::createPackedRaster@39 (line 530)
  0x000002015c2b0420: 07e9 29fb | ffff 418b | 5924 48c1 | e303 4883 | fb00 0f84 | 2ffb ffff | 4889 1c24 

  0x000002015c2b043c: ;   {runtime_call g1_pre_barrier_slow}
  0x000002015c2b043c: e81f 362a | 07e9 21fb | ffff 4983 | f800 0f84 | 36fb ffff | 4c89 0c24 

  0x000002015c2b0454: ;   {runtime_call g1_post_barrier_slow}
  0x000002015c2b0454: e807 392a | 07e9 28fb 

  0x000002015c2b045c: ;   {runtime_call C1 Runtime new_object_array_blob}
  0x000002015c2b045c: ffff e8fd 

  0x000002015c2b0460: ; ImmutableOopMap {r8=Oop r9=Oop [120]=Oop [128]=Oop }
                      ;*anewarray {reexecute=0 rethrow=0 return_oop=0}
                      ; - java.awt.image.DataBufferByte::<init>@18 (line 78)
                      ; - java.awt.image.Raster::createPackedRaster@39 (line 530)
  0x000002015c2b0460: f029 07e9 | aafb ffff | 418b 5128 | 48c1 e203 | 4883 fa00 | 0f84 a5fb | ffff 4889 

  0x000002015c2b047c: ;   {runtime_call g1_pre_barrier_slow}
  0x000002015c2b047c: 1424 e8dd | 352a 07e9 | 97fb ffff | 4883 f800 | 0f84 acfb | ffff 4c89 

  0x000002015c2b0494: ;   {runtime_call g1_post_barrier_slow}
  0x000002015c2b0494: 0c24 e8c5 | 382a 07e9 | 9efb ffff 

  0x000002015c2b04a0: ;   {runtime_call C1 Runtime throw_null_pointer_exception_blob}
  0x000002015c2b04a0: e8bb da29 

  0x000002015c2b04a4: ; ImmutableOopMap {r8=Oop r9=Oop rax=Oop [120]=Oop [128]=Oop }
                      ;*aastore {reexecute=1 rethrow=0 return_oop=0}
                      ; - (reexecute) java.awt.image.DataBufferByte::<init>@33 (line 79)
                      ; - java.awt.image.Raster::createPackedRaster@39 (line 530)
  0x000002015c2b04a4: 074c 8904 

  0x000002015c2b04a8: ;   {runtime_call C1 Runtime throw_array_store_exception_blob}
  0x000002015c2b04a8: 24e8 b2ff 

  0x000002015c2b04ac: ; ImmutableOopMap {r8=Oop r9=Oop rax=Oop [120]=Oop [128]=Oop }
                      ;*aastore {reexecute=1 rethrow=0 return_oop=0}
                      ; - (reexecute) java.awt.image.DataBufferByte::<init>@33 (line 79)
                      ; - java.awt.image.Raster::createPackedRaster@39 (line 530)
  0x000002015c2b04ac: 2907 8b3a | 48c1 e703 | 4883 ff00 | 0f84 8bfc | ffff 4889 

  0x000002015c2b04c0: ;   {runtime_call g1_pre_barrier_slow}
  0x000002015c2b04c0: 3c24 e899 | 352a 07e9 | 7dfc ffff | 4983 f800 | 0f84 91fc | ffff 4889 

  0x000002015c2b04d8: ;   {runtime_call g1_post_barrier_slow}
  0x000002015c2b04d8: 1424 e881 | 382a 07e9 | 83fc ffff 

  0x000002015c2b04e4: ;   {internal_word}
  0x000002015c2b04e4: 49ba c401 | 2b5c 0102 | 0000 4d89 | 9760 0400 

  0x000002015c2b04f4: ;   {runtime_call SafepointBlob}
  0x000002015c2b04f4: 00e9 e657 

  0x000002015c2b04f8: ;   {metadata(nullptr)}
  0x000002015c2b04f8: 1e07 48ba | 0000 0000 | 0000 0000 | b800 0f05 

  0x000002015c2b0508: ;   {runtime_call C1 Runtime load_klass_patching_blob}
  0x000002015c2b0508: 0ae8 d21e 

  0x000002015c2b050c: ; ImmutableOopMap {}
                      ;*new {reexecute=1 rethrow=0 return_oop=0}
                      ; - (reexecute) java.awt.image.Raster::createPackedRaster@77 (line 542)
  0x000002015c2b050c: 2a07 e9bd | fcff ff48 

  0x000002015c2b0514: ;   {runtime_call C1 Runtime fast_new_instance_blob}
  0x000002015c2b0514: 8bd2 e845 

  0x000002015c2b0518: ; ImmutableOopMap {}
                      ;*new {reexecute=0 rethrow=0 return_oop=0}
                      ; - java.awt.image.Raster::createPackedRaster@77 (line 542)
  0x000002015c2b0518: e729 07e9 | 08fd ffff | 49b8 0000 | 0000 0000 | 0000 b800 

  0x000002015c2b052c: ;   {runtime_call C1 Runtime load_appendix_patching_blob}
  0x000002015c2b052c: 0f05 0ae8 

  0x000002015c2b0530: ; ImmutableOopMap {rax=Oop }
                      ;*invokedynamic {reexecute=1 rethrow=0 return_oop=0}
                      ; - (reexecute) java.awt.image.Raster::createPackedRaster@82 (line 542)
  0x000002015c2b0530: ac27 2a07 | e9ef fcff | ff49 8b87 | 0805 0000 | 49c7 8708 | 0500 0000 | 0000 0049 | c787 1005 
  0x000002015c2b0550: 0000 0000 | 0000 4881 | c4b0 0000 

  0x000002015c2b055c: ;   {runtime_call C1 Runtime unwind_exception_blob}
  0x000002015c2b055c: 005d e97d | c629 07f4 | f4f4 f4f4 
[Stub Code]
  0x000002015c2b0568: ;   {no_reloc}
  0x000002015c2b0568: 0f1f 4400 

  0x000002015c2b056c: ;   {static_stub}
  0x000002015c2b056c: 0048 bb00 | 0000 0000 

  0x000002015c2b0574: ;   {runtime_call nmethod}
  0x000002015c2b0574: 0000 00e9 | fbff ffff 

  0x000002015c2b057c: ;   {static_stub}
  0x000002015c2b057c: 9048 bb00 | 0000 0000 

  0x000002015c2b0584: ;   {runtime_call nmethod}
  0x000002015c2b0584: 0000 00e9 | fbff ffff 

  0x000002015c2b058c: ;   {static_stub}
  0x000002015c2b058c: 48bb 0000 | 0000 0000 

  0x000002015c2b0594: ;   {runtime_call nmethod}
  0x000002015c2b0594: 0000 e9fb 

  0x000002015c2b0598: ;   {static_stub}
  0x000002015c2b0598: ffff ff48 | bb68 8158 | 4101 0200 

  0x000002015c2b05a4: ;   {runtime_call I2C/C2I adapters}
  0x000002015c2b05a4: 00e9 9b3d 

  0x000002015c2b05a8: ;   {static_stub}
  0x000002015c2b05a8: 4807 48bb | 0000 0000 | 0000 0000 

  0x000002015c2b05b4: ;   {runtime_call nmethod}
  0x000002015c2b05b4: e9fb ffff 

  0x000002015c2b05b8: ;   {runtime_call C1 Runtime handle_exception_from_callee_blob}
  0x000002015c2b05b8: ffe8 a2fb 

  0x000002015c2b05bc: ;   {external_word}
  0x000002015c2b05bc: 2907 48b9 | 08ec f179 | fb7f 0000 | 4883 e4f0 

  0x000002015c2b05cc: ;   {runtime_call}
  0x000002015c2b05cc: 48b8 00a9 | b879 fb7f | 0000 ffd0 

  0x000002015c2b05d8: ;   {section_word}
  0x000002015c2b05d8: f449 bad9 | 052b 5c01 | 0200 0041 

  0x000002015c2b05e4: ;   {runtime_call DeoptimizationBlob}
  0x000002015c2b05e4: 52e9 964c | 1e07 f4f4 | f4f4 f4f4 
[/MachCode]


Compiled method (c1) 31681 1803       3       java.awt.image.DirectColorModel::createCompatibleWritableRaster (114 bytes)
 total in heap  [0x000002015c2aef08,0x000002015c2af690] = 1928
 relocation     [0x000002015c2aefe0,0x000002015c2af090] = 176
 main code      [0x000002015c2af0a0,0x000002015c2af620] = 1408
 stub code      [0x000002015c2af620,0x000002015c2af688] = 104
 metadata       [0x000002015c2af688,0x000002015c2af690] = 8
 immutable data [0x000002014b9b20d0,0x000002014b9b2298] = 456
 dependencies   [0x000002014b9b20d0,0x000002014b9b20d8] = 8
 nul chk table  [0x000002014b9b20d8,0x000002014b9b20f0] = 24
 scopes pcs     [0x000002014b9b20f0,0x000002014b9b2210] = 288
 scopes data    [0x000002014b9b2210,0x000002014b9b2298] = 136

[Constant Pool (empty)]

[MachCode]
[Instructions begin]
  0x000002015c2af0a0: 660f 1f84 | 0000 0000 | 0066 0f1f | 8400 0000 | 0000 448b | 5208 443b 

  0x000002015c2af0b8: ;   {runtime_call Shared Runtime ic_miss_blob}
  0x000002015c2af0b8: 5008 0f85 | a0f6 1d07 
[Verified Entry Point]
  0x000002015c2af0c0: 8984 2400 | 80ff ff55 | 4883 ec40 | 4181 7f20 | 0300 0000 

  0x000002015c2af0d4: ;   {runtime_call StubRoutines (final stubs)}
  0x000002015c2af0d4: 7405 e825 | 681c 074c 

  0x000002015c2af0dc: ;   {metadata(method data for {method} {0x00000201412e52f0} 'createCompatibleWritableRaster' '(II)Ljava/awt/image/WritableRaster;' in 'java/awt/image/DirectColorModel')}
  0x000002015c2af0dc: 8bda 48bb | 28e1 6741 | 0102 0000 | 8b93 cc00 | 0000 83c2 | 0289 93cc | 0000 0081 | e2fe 0700 
  0x000002015c2af0fc: 0085 d20f | 84f9 0300 | 0045 85c0 

  0x000002015c2af108: ;   {metadata(method data for {method} {0x00000201412e52f0} 'createCompatibleWritableRaster' '(II)Ljava/awt/image/WritableRaster;' in 'java/awt/image/DirectColorModel')}
  0x000002015c2af108: 48bb 28e1 | 6741 0102 | 0000 ba10 | 0100 007e | 05ba 2001 | 0000 488b | 3413 488d | 7601 4889 
  0x000002015c2af128: 3413 0f8e | ec02 0000 

  0x000002015c2af130: ;   {metadata(method data for {method} {0x00000201412e52f0} 'createCompatibleWritableRaster' '(II)Ljava/awt/image/WritableRaster;' in 'java/awt/image/DirectColorModel')}
  0x000002015c2af130: 4585 c948 | bb28 e167 | 4101 0200 | 00ba 4001 | 0000 7e05 | ba30 0100 | 0048 8b34 | 1348 8d76 
  0x000002015c2af150: 0148 8934 | 130f 8ec1 | 0200 0041 | 0fbe 5b28 

  0x000002015c2af160: ;   {metadata(method data for {method} {0x00000201412e52f0} 'createCompatibleWritableRaster' '(II)Ljava/awt/image/WritableRaster;' in 'java/awt/image/DirectColorModel')}
  0x000002015c2af160: 85db 48bb | 28e1 6741 | 0102 0000 | ba80 0100 | 0074 05ba | 9001 0000 | 488b 3413 | 488d 7601 
  0x000002015c2af180: 4889 3413 | 0f84 a800 | 0000 bb04 

  0x000002015c2af18c: ;   {metadata({type array int})}
  0x000002015c2af18c: 0000 0048 | ba28 8216 | 0001 0200 | 0048 63db | 488b fb48 | 81fb ffff | ff00 0f87 | 7303 0000 
  0x000002015c2af1ac: be17 0000 | 0048 8d34 | 9e48 83e6 | f849 8b87 | c801 0000 | 488d 3430 | 493b b7d8 | 0100 000f 
  0x000002015c2af1cc: 874e 0300 | 0049 89b7 | c801 0000 | 482b f048 | c700 0100 | 0000 488b | ca49 ba00 | 0000 0001 
  0x000002015c2af1ec: 0200 0049 | 2bca 8948 | 0889 580c | 4883 ee10 | 4885 f60f | 8411 0000 | 0048 33db | 48c1 ee03 
  0x000002015c2af20c: 4889 5cf0 | 0848 ffce | 75f6 418b | 5b50 8958 

  0x000002015c2af21c: ;   {metadata(method data for {method} {0x00000201412e52f0} 'createCompatibleWritableRaster' '(II)Ljava/awt/image/WritableRaster;' in 'java/awt/image/DirectColorModel')}
  0x000002015c2af21c: 1c48 bb28 | e167 4101 | 0200 00ff | 83a0 0100 | 00e9 8c00 | 0000 bb03 

  0x000002015c2af234: ;   {metadata({type array int})}
  0x000002015c2af234: 0000 0048 | ba28 8216 | 0001 0200 | 0048 63db | 488b fb48 | 81fb ffff | ff00 0f87 | d502 0000 
  0x000002015c2af254: be17 0000 | 0048 8d34 | 9e48 83e6 | f849 8b87 | c801 0000 | 488d 3430 | 493b b7d8 | 0100 000f 
  0x000002015c2af274: 87b0 0200 | 0049 89b7 | c801 0000 | 482b f048 | c700 0100 | 0000 488b | ca49 ba00 | 0000 0001 
  0x000002015c2af294: 0200 0049 | 2bca 8948 | 0889 580c | 4883 ee10 | 4885 f60f | 8411 0000 | 0048 33db | 48c1 ee03 
  0x000002015c2af2b4: 4889 5cf0 | 0848 ffce | 75f6 418b | 5344 8378 | 0c00 0f86 | 7102 0000 | 8950 1041 | 8b53 4883 
  0x000002015c2af2d4: 780c 010f | 8672 0200 | 0089 5014 | 418b 534c | 8378 0c02 | 0f86 7302 | 0000 8950 | 1841 8b53 
  0x000002015c2af2f4: 0c83 fa10 

  0x000002015c2af2f8: ;   {metadata(method data for {method} {0x00000201412e52f0} 'createCompatibleWritableRaster' '(II)Ljava/awt/image/WritableRaster;' in 'java/awt/image/DirectColorModel')}
  0x000002015c2af2f8: 48bf 28e1 | 6741 0102 | 0000 bec8 | 0100 007f | 05be b801 | 0000 488b | 1c37 488d | 5b01 4889 
  0x000002015c2af318: 1c37 0f8f | b400 0000 

  0x000002015c2af320: ;   {metadata(method data for {method} {0x00000201412e52f0} 'createCompatibleWritableRaster' '(II)Ljava/awt/image/WritableRaster;' in 'java/awt/image/DirectColorModel')}
  0x000002015c2af320: 83fa 0848 | ba28 e167 | 4101 0200 | 00bf e801 | 0000 7e05 | bff8 0100 | 0048 8b34 | 3a48 8d76 
  0x000002015c2af340: 0148 8934 | 3a0f 8e41 

  0x000002015c2af348: ;   {metadata(method data for {method} {0x00000201412e52f0} 'createCompatibleWritableRaster' '(II)Ljava/awt/image/WritableRaster;' in 'java/awt/image/DirectColorModel')}
  0x000002015c2af348: 0000 0048 | ba28 e167 | 4101 0200 | 0048 8382 | 0802 0000 | 01ba 0100 | 0000 488b 

  0x000002015c2af364: ;   {oop(nullptr)}
  0x000002015c2af364: f848 be00 | 0000 0000 

  0x000002015c2af36c: ;   {static_call}
  0x000002015c2af36c: 0000 00e8 

  0x000002015c2af370: ; ImmutableOopMap {}
                      ;*invokestatic createPackedRaster {reexecute=0 rethrow=0 return_oop=0}
                      ; - java.awt.image.DirectColorModel::createCompatibleWritableRaster@101 (line 1036)
  0x000002015c2af370: ecfc 1d07 

  0x000002015c2af374: ;   {post_call_nop}
  0x000002015c2af374: 0f1f 8400 | 6c04 0000 | 4883 c440 

  0x000002015c2af380: ;   {poll_return}
  0x000002015c2af380: 5d49 3b67 | 280f 87e8 | 0100 00c3 

  0x000002015c2af38c: ;   {metadata(method data for {method} {0x00000201412e52f0} 'createCompatibleWritableRaster' '(II)Ljava/awt/image/WritableRaster;' in 'java/awt/image/DirectColorModel')}
  0x000002015c2af38c: 48ba 28e1 | 6741 0102 | 0000 4883 | 8218 0200 | 0001 ba00 | 0000 0048 

  0x000002015c2af3a4: ;   {oop(nullptr)}
  0x000002015c2af3a4: 8bf8 48be | 0000 0000 | 0000 0000 | 0f1f 8000 

  0x000002015c2af3b4: ;   {static_call}
  0x000002015c2af3b4: 0000 00e8 

  0x000002015c2af3b8: ; ImmutableOopMap {}
                      ;*invokestatic createPackedRaster {reexecute=0 rethrow=0 return_oop=0}
                      ; - java.awt.image.DirectColorModel::createCompatibleWritableRaster@110 (line 1040)
  0x000002015c2af3b8: a4fc 1d07 

  0x000002015c2af3bc: ;   {post_call_nop}
  0x000002015c2af3bc: 0f1f 8400 | b404 0001 | 4883 c440 

  0x000002015c2af3c8: ;   {poll_return}
  0x000002015c2af3c8: 5d49 3b67 | 280f 87b6 | 0100 00c3 

  0x000002015c2af3d4: ;   {metadata(method data for {method} {0x00000201412e52f0} 'createCompatibleWritableRaster' '(II)Ljava/awt/image/WritableRaster;' in 'java/awt/image/DirectColorModel')}
  0x000002015c2af3d4: 48ba 28e1 | 6741 0102 | 0000 4883 | 82d8 0100 | 0001 ba03 | 0000 0048 

  0x000002015c2af3ec: ;   {oop(nullptr)}
  0x000002015c2af3ec: 8bf8 48be | 0000 0000 | 0000 0000 | 0f1f 8000 

  0x000002015c2af3fc: ;   {static_call}
  0x000002015c2af3fc: 0000 00e8 

  0x000002015c2af400: ; ImmutableOopMap {}
                      ;*invokestatic createPackedRaster {reexecute=0 rethrow=0 return_oop=0}
                      ; - java.awt.image.DirectColorModel::createCompatibleWritableRaster@83 (line 1032)
  0x000002015c2af400: dc04 0000 

  0x000002015c2af404: ;   {post_call_nop}
  0x000002015c2af404: 0f1f 8400 | fc04 0002 | 4883 c440 

  0x000002015c2af410: ;   {poll_return}
  0x000002015c2af410: 5d49 3b67 | 280f 8784 | 0100 00c3 | 0f1f 4000 

  0x000002015c2af420: ;   {no_reloc}
  0x000002015c2af420: e99f 0100 | 0000 0000 | 0000 498b | 87c8 0100 | 0048 8d78 | 2849 3bbf | d801 0000 | 0f87 8c01 
  0x000002015c2af440: 0000 4989 | bfc8 0100 | 0048 c700 | 0100 0000 | 488b ca49 | ba00 0000 | 0001 0200 | 0049 2bca 
  0x000002015c2af460: 8948 0848 | 33c9 8948 | 0c48 33c9 | 4889 4810 | 4889 4818 | 4889 4820 

  0x000002015c2af478: ;   {no_reloc}
  0x000002015c2af478: e96d 0100 | 0090 9090 | 9090 498b | d04d 8bc1 | 4c8b ce48 | 8944 2430 | 0f1f 8000 

  0x000002015c2af494: ;   {static_call}
  0x000002015c2af494: 0000 00e8 

  0x000002015c2af498: ; ImmutableOopMap {[48]=Oop }
                      ;*invokedynamic {reexecute=0 rethrow=0 return_oop=0}
                      ; - java.awt.image.DirectColorModel::createCompatibleWritableRaster@14 (line 1016)
  0x000002015c2af498: c4fb 1d07 

  0x000002015c2af49c: ;   {post_call_nop}
  0x000002015c2af49c: 0f1f 8400 | 9405 0003 

  0x000002015c2af4a4: ;   {metadata(method data for {method} {0x00000201412e52f0} 'createCompatibleWritableRaster' '(II)Ljava/awt/image/WritableRaster;' in 'java/awt/image/DirectColorModel')}
  0x000002015c2af4a4: 49b8 28e1 | 6741 0102 | 0000 4d8d | 8060 0100 | 0048 85c0 | 750b 41f6 | 0001 7505 | f049 8308 
  0x000002015c2af4c4: 014c 8b44 

  0x000002015c2af4c8: ;   {metadata(method data for {method} {0x00000201412e52f0} 'createCompatibleWritableRaster' '(II)Ljava/awt/image/WritableRaster;' in 'java/awt/image/DirectColorModel')}
  0x000002015c2af4c8: 2430 48ba | 28e1 6741 | 0102 0000 | 4883 8270 | 0100 0001 | 4c8b c048 | 8b54 2430 

  0x000002015c2af4e4: ;   {optimized virtual_call}
  0x000002015c2af4e4: 6666 90e8 

  0x000002015c2af4e8: ; ImmutableOopMap {[48]=Oop }
                      ;*invokespecial <init> {reexecute=0 rethrow=0 return_oop=0}
                      ; - java.awt.image.DirectColorModel::createCompatibleWritableRaster@19 (line 1016)
  0x000002015c2af4e8: 74f5 1d07 

  0x000002015c2af4ec: ;   {post_call_nop}
  0x000002015c2af4ec: 0f1f 8400 | e405 0004 | 488b 4424 | 30e9 1301 

  0x000002015c2af4fc: ;   {metadata({method} {0x00000201412e52f0} 'createCompatibleWritableRaster' '(II)Ljava/awt/image/WritableRaster;' in 'java/awt/image/DirectColorModel')}
  0x000002015c2af4fc: 0000 49ba | e852 2e41 | 0102 0000 | 4c89 5424 | 0848 c704 | 24ff ffff 

  0x000002015c2af514: ;   {runtime_call C1 Runtime counter_overflow_blob}
  0x000002015c2af514: ffe8 463f 

  0x000002015c2af518: ; ImmutableOopMap {r11=Oop }
                      ;*synchronization entry
                      ; - java.awt.image.DirectColorModel::createCompatibleWritableRaster@-1 (line 1015)
  0x000002015c2af518: 2a07 e9e6 

  0x000002015c2af51c: ;   {runtime_call C1 Runtime new_type_array_blob}
  0x000002015c2af51c: fbff ffe8 

  0x000002015c2af520: ; ImmutableOopMap {r11=Oop }
                      ;*newarray {reexecute=0 rethrow=0 return_oop=0}
                      ; - java.awt.image.DirectColorModel::createCompatibleWritableRaster@31 (line 1021)
  0x000002015c2af520: 3cfd 2907 | e9ed fcff 

  0x000002015c2af528: ;   {runtime_call C1 Runtime new_type_array_blob}
  0x000002015c2af528: ffe8 32fd 

  0x000002015c2af52c: ; ImmutableOopMap {r11=Oop }
                      ;*newarray {reexecute=0 rethrow=0 return_oop=0}
                      ; - java.awt.image.DirectColorModel::createCompatibleWritableRaster@45 (line 1025)
  0x000002015c2af52c: 2907 e98b 

  0x000002015c2af530: ;   {runtime_call C1 Runtime throw_null_pointer_exception_blob}
  0x000002015c2af530: fdff ffe8 

  0x000002015c2af534: ; ImmutableOopMap {r11=Oop rax=Oop }
                      ;*iastore {reexecute=0 rethrow=0 return_oop=0}
                      ; - java.awt.image.DirectColorModel::createCompatibleWritableRaster@54 (line 1027)
  0x000002015c2af534: 28ea 2907 

  0x000002015c2af538: ;   {runtime_call C1 Runtime throw_null_pointer_exception_blob}
  0x000002015c2af538: e823 ea29 

  0x000002015c2af53c: ; ImmutableOopMap {r11=Oop rax=Oop }
                      ;*iastore {reexecute=0 rethrow=0 return_oop=0}
                      ; - java.awt.image.DirectColorModel::createCompatibleWritableRaster@54 (line 1027)
  0x000002015c2af53c: 0748 c704 | 2400 0000 | 0048 8944 

  0x000002015c2af548: ;   {runtime_call C1 Runtime throw_range_check_failed_blob}
  0x000002015c2af548: 2408 e891 

  0x000002015c2af54c: ; ImmutableOopMap {r11=Oop rax=Oop }
                      ;*iastore {reexecute=0 rethrow=0 return_oop=0}
                      ; - java.awt.image.DirectColorModel::createCompatibleWritableRaster@54 (line 1027)
  0x000002015c2af54c: dc29 0748 | c704 2401 | 0000 0048 | 8944 2408 

  0x000002015c2af55c: ;   {runtime_call C1 Runtime throw_range_check_failed_blob}
  0x000002015c2af55c: e87f dc29 

  0x000002015c2af560: ; ImmutableOopMap {r11=Oop rax=Oop }
                      ;*iastore {reexecute=0 rethrow=0 return_oop=0}
                      ; - java.awt.image.DirectColorModel::createCompatibleWritableRaster@61 (line 1028)
  0x000002015c2af560: 0748 c704 | 2402 0000 | 0048 8944 

  0x000002015c2af56c: ;   {runtime_call C1 Runtime throw_range_check_failed_blob}
  0x000002015c2af56c: 2408 e86d 

  0x000002015c2af570: ; ImmutableOopMap {r11=Oop rax=Oop }
                      ;*iastore {reexecute=0 rethrow=0 return_oop=0}
                      ; - java.awt.image.DirectColorModel::createCompatibleWritableRaster@68 (line 1029)
                      ;   {internal_word}
  0x000002015c2af570: dc29 0749 | ba81 f32a | 5c01 0200 | 004d 8997 | 6004 0000 

  0x000002015c2af584: ;   {runtime_call SafepointBlob}
  0x000002015c2af584: e957 671e 

  0x000002015c2af588: ;   {internal_word}
  0x000002015c2af588: 0749 bac9 | f32a 5c01 | 0200 004d | 8997 6004 

  0x000002015c2af598: ;   {runtime_call SafepointBlob}
  0x000002015c2af598: 0000 e941 

  0x000002015c2af59c: ;   {internal_word}
  0x000002015c2af59c: 671e 0749 | ba11 f42a | 5c01 0200 | 004d 8997 | 6004 0000 

  0x000002015c2af5b0: ;   {runtime_call SafepointBlob}
  0x000002015c2af5b0: e92b 671e 

  0x000002015c2af5b4: ;   {metadata(nullptr)}
  0x000002015c2af5b4: 0748 ba00 | 0000 0000 | 0000 00b8 | 000f 050a 

  0x000002015c2af5c4: ;   {runtime_call C1 Runtime load_klass_patching_blob}
  0x000002015c2af5c4: e817 2e2a 

  0x000002015c2af5c8: ; ImmutableOopMap {}
                      ;*new {reexecute=1 rethrow=0 return_oop=0}
                      ; - (reexecute) java.awt.image.DirectColorModel::createCompatibleWritableRaster@8 (line 1016)
  0x000002015c2af5c8: 07e9 52fe | ffff 488b 

  0x000002015c2af5d0: ;   {runtime_call C1 Runtime fast_new_instance_blob}
  0x000002015c2af5d0: d2e8 8af6 

  0x000002015c2af5d4: ; ImmutableOopMap {}
                      ;*new {reexecute=0 rethrow=0 return_oop=0}
                      ; - java.awt.image.DirectColorModel::createCompatibleWritableRaster@8 (line 1016)
  0x000002015c2af5d4: 2907 e99d | feff ff48 | be00 0000 | 0000 0000 | 00b8 000f 

  0x000002015c2af5e8: ;   {runtime_call C1 Runtime load_appendix_patching_blob}
  0x000002015c2af5e8: 050a e8f1 

  0x000002015c2af5ec: ; ImmutableOopMap {rax=Oop }
                      ;*invokedynamic {reexecute=1 rethrow=0 return_oop=0}
                      ; - (reexecute) java.awt.image.DirectColorModel::createCompatibleWritableRaster@14 (line 1016)
  0x000002015c2af5ec: 362a 07e9 | 84fe ffff | 498b 8708 | 0500 0049 | c787 0805 | 0000 0000 | 0000 49c7 | 8710 0500 
  0x000002015c2af60c: 0000 0000 | 0048 83c4 

  0x000002015c2af614: ;   {runtime_call C1 Runtime unwind_exception_blob}
  0x000002015c2af614: 405d e9c5 | d529 07f4 | f4f4 f4f4 
[Stub Code]
  0x000002015c2af620: ;   {no_reloc}
  0x000002015c2af620: 0f1f 4400 

  0x000002015c2af624: ;   {static_stub}
  0x000002015c2af624: 0048 bb00 | 0000 0000 

  0x000002015c2af62c: ;   {runtime_call nmethod}
  0x000002015c2af62c: 0000 00e9 | fbff ffff 

  0x000002015c2af634: ;   {static_stub}
  0x000002015c2af634: 48bb 0000 | 0000 0000 

  0x000002015c2af63c: ;   {runtime_call nmethod}
  0x000002015c2af63c: 0000 e9fb 

  0x000002015c2af640: ;   {static_stub}
  0x000002015c2af640: ffff ff48 | bb00 0000 | 0000 0000 

  0x000002015c2af64c: ;   {runtime_call nmethod}
  0x000002015c2af64c: 00e9 fbff 

  0x000002015c2af650: ;   {runtime_call C1 Runtime handle_exception_from_callee_blob}
  0x000002015c2af650: ffff e809 

  0x000002015c2af654: ;   {external_word}
  0x000002015c2af654: 0b2a 0748 | b908 ecf1 | 79fb 7f00 | 0048 83e4 

  0x000002015c2af664: ;   {runtime_call}
  0x000002015c2af664: f048 b800 | a9b8 79fb | 7f00 00ff 

  0x000002015c2af670: ;   {section_word}
  0x000002015c2af670: d0f4 49ba | 72f6 2a5c | 0102 0000 

  0x000002015c2af67c: ;   {runtime_call DeoptimizationBlob}
  0x000002015c2af67c: 4152 e9fd | 5b1e 07f4 | f4f4 f4f4 
[/MachCode]


---------------  P R O C E S S  ---------------

Threads class SMR info:
_java_thread_list=0x00000201453c81c0, length=24, elements={
0x0000020172e03dd0, 0x0000020172e05720, 0x0000020172e079b0, 0x0000020172e086e0,
0x0000020172e0b450, 0x0000020172e0bf80, 0x0000020172e1c660, 0x0000020172e1d310,
0x000002014508b0e0, 0x000002014509c970, 0x00000201453d84a0, 0x00000201458b17c0,
0x00000201458b3320, 0x000002014b1894f0, 0x000002014b0db610, 0x000002014b079d40,
0x000002014b078240, 0x000002014b076c50, 0x000002014b0773a0, 0x000002014b077af0,
0x000002014afae570, 0x000002014afa9500, 0x000002014afa7f10, 0x000002014afa8660
}

Java Threads: ( => current thread )
  0x0000020172e03dd0 JavaThread "Reference Handler"          daemon [_thread_blocked, id=19372, stack(0x0000005424b00000,0x0000005424c00000) (1024K)]
  0x0000020172e05720 JavaThread "Finalizer"                  daemon [_thread_blocked, id=17356, stack(0x0000005424c00000,0x0000005424d00000) (1024K)]
  0x0000020172e079b0 JavaThread "Signal Dispatcher"          daemon [_thread_blocked, id=14684, stack(0x0000005424d00000,0x0000005424e00000) (1024K)]
  0x0000020172e086e0 JavaThread "Attach Listener"            daemon [_thread_blocked, id=20000, stack(0x0000005424e00000,0x0000005424f00000) (1024K)]
  0x0000020172e0b450 JavaThread "Service Thread"             daemon [_thread_blocked, id=20216, stack(0x0000005424f00000,0x0000005425000000) (1024K)]
  0x0000020172e0bf80 JavaThread "Monitor Deflation Thread"   daemon [_thread_blocked, id=6500, stack(0x0000005425000000,0x0000005425100000) (1024K)]
  0x0000020172e1c660 JavaThread "C2 CompilerThread0"         daemon [_thread_blocked, id=9736, stack(0x0000005425100000,0x0000005425200000) (1024K)]
  0x0000020172e1d310 JavaThread "C1 CompilerThread0"         daemon [_thread_blocked, id=12444, stack(0x0000005425200000,0x0000005425300000) (1024K)]
  0x000002014508b0e0 JavaThread "Notification Thread"        daemon [_thread_blocked, id=8504, stack(0x0000005425300000,0x0000005425400000) (1024K)]
  0x000002014509c970 JavaThread "Common-Cleaner"             daemon [_thread_blocked, id=19344, stack(0x0000005425400000,0x0000005425500000) (1024K)]
  0x00000201453d84a0 JavaThread "Java2D Disposer"            daemon [_thread_blocked, id=22912, stack(0x0000005425800000,0x0000005425900000) (1024K)]
  0x00000201458b17c0 JavaThread "AWT-Shutdown"                      [_thread_blocked, id=26448, stack(0x0000005425900000,0x0000005425a00000) (1024K)]
  0x00000201458b3320 JavaThread "AWT-Windows"                daemon [_thread_in_native, id=2032, stack(0x0000005425a00000,0x0000005425b00000) (1024K)]
=>0x000002014b1894f0 JavaThread "AWT-EventQueue-0"                  [_thread_in_vm, id=24288, stack(0x0000005426c00000,0x0000005426d00000) (1024K)]
  0x000002014b0db610 JavaThread "D3D Screen Updater"         daemon [_thread_blocked, id=16036, stack(0x0000005426d00000,0x0000005426e00000) (1024K)]
  0x000002014b079d40 JavaThread "Thread-9"                          [_thread_blocked, id=19744, stack(0x0000005425700000,0x0000005425800000) (1024K)]
  0x000002014b078240 JavaThread "Thread-10"                         [_thread_blocked, id=23440, stack(0x0000005426900000,0x0000005426a00000) (1024K)]
  0x000002014b076c50 JavaThread "Thread-11"                         [_thread_blocked, id=20588, stack(0x0000005426a00000,0x0000005426b00000) (1024K)]
  0x000002014b0773a0 JavaThread "Thread-12"                         [_thread_blocked, id=18720, stack(0x0000005426b00000,0x0000005426c00000) (1024K)]
  0x000002014b077af0 JavaThread "Thread-13"                         [_thread_blocked, id=24672, stack(0x0000005426e00000,0x0000005426f00000) (1024K)]
  0x000002014afae570 JavaThread "Thread-14"                         [_thread_blocked, id=18196, stack(0x0000005426f00000,0x0000005427000000) (1024K)]
  0x000002014afa9500 JavaThread "Thread-15"                         [_thread_blocked, id=24660, stack(0x0000005427000000,0x0000005427100000) (1024K)]
  0x000002014afa7f10 JavaThread "Thread-16"                         [_thread_blocked, id=23380, stack(0x0000005427100000,0x0000005427200000) (1024K)]
  0x000002014afa8660 JavaThread "DestroyJavaVM"                     [_thread_blocked, id=19628, stack(0x0000005424300000,0x0000005424400000) (1024K)]
Total: 24

Other Threads:
  0x0000020172df5dc0 VMThread "VM Thread"                           [id=24712, stack(0x0000005424a00000,0x0000005424b00000) (1024K)]
  0x0000020172cbc370 WatcherThread "VM Periodic Task Thread"        [id=3276, stack(0x0000005424900000,0x0000005424a00000) (1024K)]
  0x00000201537a9400 WorkerThread "GC Thread#0"                     [id=14280, stack(0x0000005424400000,0x0000005424500000) (1024K)]
  0x000002014b0e7b40 WorkerThread "GC Thread#1"                     [id=8596, stack(0x0000005426700000,0x0000005426800000) (1024K)]
  0x000002014b0e7ef0 WorkerThread "GC Thread#2"                     [id=25160, stack(0x0000005426800000,0x0000005426900000) (1024K)]
  0x0000020145d53fc0 WorkerThread "GC Thread#3"                     [id=24844, stack(0x0000005427200000,0x0000005427300000) (1024K)]
  0x0000020145c81bf0 WorkerThread "GC Thread#4"                     [id=24556, stack(0x0000005427300000,0x0000005427400000) (1024K)]
  0x000002014b1861f0 WorkerThread "GC Thread#5"                     [id=19316, stack(0x0000005427400000,0x0000005427500000) (1024K)]
  0x000002014b1865a0 WorkerThread "GC Thread#6"                     [id=15496, stack(0x0000005427500000,0x0000005427600000) (1024K)]
  0x000002014b186d60 WorkerThread "GC Thread#7"                     [id=21856, stack(0x0000005427600000,0x0000005427700000) (1024K)]
  0x000002014b187110 WorkerThread "GC Thread#8"                     [id=22044, stack(0x0000005427700000,0x0000005427800000) (1024K)]
  0x00000201451c0420 WorkerThread "GC Thread#9"                     [id=24524, stack(0x0000005427800000,0x0000005427900000) (1024K)]
  0x00000201451c0ff0 WorkerThread "GC Thread#10"                    [id=9260, stack(0x0000005427900000,0x0000005427a00000) (1024K)]
  0x00000201451c13a0 WorkerThread "GC Thread#11"                    [id=25844, stack(0x0000005427a00000,0x0000005427b00000) (1024K)]
  0x00000201451c1750 WorkerThread "GC Thread#12"                    [id=21324, stack(0x0000005427b00000,0x0000005427c00000) (1024K)]
  0x00000201537bbac0 ConcurrentGCThread "G1 Main Marker"            [id=22544, stack(0x0000005424500000,0x0000005424600000) (1024K)]
  0x00000201537bcd70 WorkerThread "G1 Conc#0"                       [id=14076, stack(0x0000005424600000,0x0000005424700000) (1024K)]
  0x00000201450470a0 WorkerThread "G1 Conc#1"                       [id=8048, stack(0x0000005427c00000,0x0000005427d00000) (1024K)]
  0x0000020145047800 WorkerThread "G1 Conc#2"                       [id=18860, stack(0x0000005427d00000,0x0000005427e00000) (1024K)]
  0x0000020172cb0da0 ConcurrentGCThread "G1 Refine#0"               [id=18120, stack(0x0000005424700000,0x0000005424800000) (1024K)]
  0x0000020172cb1730 ConcurrentGCThread "G1 Service"                [id=24248, stack(0x0000005424800000,0x0000005424900000) (1024K)]
Total: 21

Threads with active compile tasks:
Total: 0

VM state: not at safepoint (normal execution)

VM Mutex/Monitor currently owned by a thread:  ([mutex/lock_event])
[0x00007ffb7a1d45f0] Heap_lock - owner thread: 0x000002014b1894f0

Heap address: 0x0000000722600000, size: 3546 MB, Compressed Oops mode: Zero based, Oop shift amount: 3

CDS archive(s) mapped at: [0x0000020100000000-0x0000020100d40000-0x0000020100d40000), size 13893632, SharedBaseAddress: 0x0000020100000000, ArchiveRelocationMode: 1.
Compressed class space mapped at: 0x0000020101000000-0x0000020141000000, reserved size: 1073741824
UseCompressedClassPointers 1, UseCompactObjectHeaders 0
Narrow klass pointer bits 32, Max shift 3
Narrow klass base: 0x0000020100000000, Narrow klass shift: 0
Encoding Range: [0x0000020100000000 - 0x0000020200000000), (4294967296 bytes)
Klass Range:    [0x0000020100000000 - 0x0000020141000000), (1090519040 bytes)
Klass ID Range:  [8 - 1090519033) (1090519025)

GC Precious Log:
 CardTable entry size: 512
 Card Set container configuration: InlinePtr #cards 4 size 8 Array Of Cards #cards 16 size 48 Howl #buckets 8 coarsen threshold 3686 Howl Bitmap #cards 512 size 80 coarsen threshold 460 Card regions per heap region 1 cards per card region 4096
 CPUs: 16 total, 16 available
 Memory: 14181M
 Large Page Support: Disabled
 NUMA Support: Disabled
 Compressed Oops: Enabled (Zero based)
 Heap Region Size: 2M
 Heap Min Capacity: 8M
 Heap Initial Capacity: 222M
 Heap Max Capacity: 3546M
 Pre-touch: Disabled
 Parallel Workers: 13
 Concurrent Workers: 3
 Concurrent Refinement Workers: 13
 Periodic GC: Disabled

Heap:
 garbage-first heap   total reserved 3631104K, committed 1865728K, used 1860626K [0x0000000722600000, 0x0000000800000000)
  region size 2048K, 7 young (14336K), 1 survivors (2048K)
 Metaspace       used 8786K, committed 9024K, reserved 1114112K
  class space    used 671K, committed 768K, reserved 1048576K

Heap Regions: E=young(eden), S=young(survivor), O=old, HS=humongous(starts), HC=humongous(continues), CS=collection set, F=free, TAMS=top-at-mark-start, PB=parsable bottom
|   0|0x0000000722600000, 0x0000000722800000, 0x0000000722800000|100%|HS|  |TAMS 0x0000000722600000| PB 0x0000000722600000| Complete |  0
|   1|0x0000000722800000, 0x0000000722a00000, 0x0000000722a00000|100%|HC|  |TAMS 0x0000000722800000| PB 0x0000000722800000| Complete |  0
|   2|0x0000000722a00000, 0x0000000722c00000, 0x0000000722c00000|100%|HS|  |TAMS 0x0000000722a00000| PB 0x0000000722a00000| Complete |  0
|   3|0x0000000722c00000, 0x0000000722e00000, 0x0000000722e00000|100%|HC|  |TAMS 0x0000000722c00000| PB 0x0000000722c00000| Complete |  0
|   4|0x0000000722e00000, 0x0000000723000000, 0x0000000723000000|100%|HS|  |TAMS 0x0000000722e00000| PB 0x0000000722e00000| Complete |  0
|   5|0x0000000723000000, 0x0000000723200000, 0x0000000723200000|100%|HC|  |TAMS 0x0000000723000000| PB 0x0000000723000000| Complete |  0
|   6|0x0000000723200000, 0x0000000723400000, 0x0000000723400000|100%|HS|  |TAMS 0x0000000723200000| PB 0x0000000723200000| Complete |  0
|   7|0x0000000723400000, 0x0000000723600000, 0x0000000723600000|100%|HC|  |TAMS 0x0000000723400000| PB 0x0000000723400000| Complete |  0
|   8|0x0000000723600000, 0x0000000723800000, 0x0000000723800000|100%|HS|  |TAMS 0x0000000723600000| PB 0x0000000723600000| Complete |  0
|   9|0x0000000723800000, 0x0000000723a00000, 0x0000000723a00000|100%|HC|  |TAMS 0x0000000723800000| PB 0x0000000723800000| Complete |  0
|  10|0x0000000723a00000, 0x0000000723c00000, 0x0000000723c00000|100%|HS|  |TAMS 0x0000000723a00000| PB 0x0000000723a00000| Complete |  0
|  11|0x0000000723c00000, 0x0000000723e00000, 0x0000000723e00000|100%|HC|  |TAMS 0x0000000723c00000| PB 0x0000000723c00000| Complete |  0
|  12|0x0000000723e00000, 0x0000000724000000, 0x0000000724000000|100%|HS|  |TAMS 0x0000000723e00000| PB 0x0000000723e00000| Complete |  0
|  13|0x0000000724000000, 0x0000000724200000, 0x0000000724200000|100%|HC|  |TAMS 0x0000000724000000| PB 0x0000000724000000| Complete |  0
|  14|0x0000000724200000, 0x0000000724400000, 0x0000000724400000|100%|HS|  |TAMS 0x0000000724200000| PB 0x0000000724200000| Complete |  0
|  15|0x0000000724400000, 0x0000000724600000, 0x0000000724600000|100%|HC|  |TAMS 0x0000000724400000| PB 0x0000000724400000| Complete |  0
|  16|0x0000000724600000, 0x0000000724800000, 0x0000000724800000|100%|HS|  |TAMS 0x0000000724600000| PB 0x0000000724600000| Complete |  0
|  17|0x0000000724800000, 0x0000000724a00000, 0x0000000724a00000|100%|HC|  |TAMS 0x0000000724800000| PB 0x0000000724800000| Complete |  0
|  18|0x0000000724a00000, 0x0000000724c00000, 0x0000000724c00000|100%|HS|  |TAMS 0x0000000724a00000| PB 0x0000000724a00000| Complete |  0
|  19|0x0000000724c00000, 0x0000000724e00000, 0x0000000724e00000|100%|HC|  |TAMS 0x0000000724c00000| PB 0x0000000724c00000| Complete |  0
|  20|0x0000000724e00000, 0x0000000725000000, 0x0000000725000000|100%|HS|  |TAMS 0x0000000724e00000| PB 0x0000000724e00000| Complete |  0
|  21|0x0000000725000000, 0x0000000725200000, 0x0000000725200000|100%|HC|  |TAMS 0x0000000725000000| PB 0x0000000725000000| Complete |  0
|  22|0x0000000725200000, 0x0000000725400000, 0x0000000725400000|100%|HS|  |TAMS 0x0000000725200000| PB 0x0000000725200000| Complete |  0
|  23|0x0000000725400000, 0x0000000725600000, 0x0000000725600000|100%|HC|  |TAMS 0x0000000725400000| PB 0x0000000725400000| Complete |  0
|  24|0x0000000725600000, 0x0000000725800000, 0x0000000725800000|100%|HS|  |TAMS 0x0000000725600000| PB 0x0000000725600000| Complete |  0
|  25|0x0000000725800000, 0x0000000725a00000, 0x0000000725a00000|100%|HC|  |TAMS 0x0000000725800000| PB 0x0000000725800000| Complete |  0
|  26|0x0000000725a00000, 0x0000000725c00000, 0x0000000725c00000|100%|HS|  |TAMS 0x0000000725a00000| PB 0x0000000725a00000| Complete |  0
|  27|0x0000000725c00000, 0x0000000725e00000, 0x0000000725e00000|100%|HC|  |TAMS 0x0000000725c00000| PB 0x0000000725c00000| Complete |  0
|  28|0x0000000725e00000, 0x0000000726000000, 0x0000000726000000|100%|HS|  |TAMS 0x0000000725e00000| PB 0x0000000725e00000| Complete |  0
|  29|0x0000000726000000, 0x0000000726200000, 0x0000000726200000|100%|HC|  |TAMS 0x0000000726000000| PB 0x0000000726000000| Complete |  0
|  30|0x0000000726200000, 0x0000000726400000, 0x0000000726400000|100%|HS|  |TAMS 0x0000000726200000| PB 0x0000000726200000| Complete |  0
|  31|0x0000000726400000, 0x0000000726600000, 0x0000000726600000|100%|HC|  |TAMS 0x0000000726400000| PB 0x0000000726400000| Complete |  0
|  32|0x0000000726600000, 0x0000000726800000, 0x0000000726800000|100%|HS|  |TAMS 0x0000000726600000| PB 0x0000000726600000| Complete |  0
|  33|0x0000000726800000, 0x0000000726a00000, 0x0000000726a00000|100%|HC|  |TAMS 0x0000000726800000| PB 0x0000000726800000| Complete |  0
|  34|0x0000000726a00000, 0x0000000726c00000, 0x0000000726c00000|100%|HS|  |TAMS 0x0000000726a00000| PB 0x0000000726a00000| Complete |  0
|  35|0x0000000726c00000, 0x0000000726e00000, 0x0000000726e00000|100%|HC|  |TAMS 0x0000000726c00000| PB 0x0000000726c00000| Complete |  0
|  36|0x0000000726e00000, 0x0000000727000000, 0x0000000727000000|100%|HS|  |TAMS 0x0000000726e00000| PB 0x0000000726e00000| Complete |  0
|  37|0x0000000727000000, 0x0000000727200000, 0x0000000727200000|100%|HC|  |TAMS 0x0000000727000000| PB 0x0000000727000000| Complete |  0
|  38|0x0000000727200000, 0x0000000727400000, 0x0000000727400000|100%|HS|  |TAMS 0x0000000727200000| PB 0x0000000727200000| Complete |  0
|  39|0x0000000727400000, 0x0000000727600000, 0x0000000727600000|100%|HC|  |TAMS 0x0000000727400000| PB 0x0000000727400000| Complete |  0
|  40|0x0000000727600000, 0x0000000727800000, 0x0000000727800000|100%|HS|  |TAMS 0x0000000727600000| PB 0x0000000727600000| Complete |  0
|  41|0x0000000727800000, 0x0000000727a00000, 0x0000000727a00000|100%|HC|  |TAMS 0x0000000727800000| PB 0x0000000727800000| Complete |  0
|  42|0x0000000727a00000, 0x0000000727c00000, 0x0000000727c00000|100%|HS|  |TAMS 0x0000000727a00000| PB 0x0000000727a00000| Complete |  0
|  43|0x0000000727c00000, 0x0000000727e00000, 0x0000000727e00000|100%|HC|  |TAMS 0x0000000727c00000| PB 0x0000000727c00000| Complete |  0
|  44|0x0000000727e00000, 0x0000000728000000, 0x0000000728000000|100%|HS|  |TAMS 0x0000000727e00000| PB 0x0000000727e00000| Complete |  0
|  45|0x0000000728000000, 0x0000000728200000, 0x0000000728200000|100%|HC|  |TAMS 0x0000000728000000| PB 0x0000000728000000| Complete |  0
|  46|0x0000000728200000, 0x0000000728400000, 0x0000000728400000|100%| E|  |TAMS 0x0000000728200000| PB 0x0000000728200000| Complete |  0
|  47|0x0000000728400000, 0x0000000728600000, 0x0000000728600000|100%|HS|  |TAMS 0x0000000728400000| PB 0x0000000728400000| Complete |  0
|  48|0x0000000728600000, 0x0000000728800000, 0x0000000728800000|100%|HC|  |TAMS 0x0000000728600000| PB 0x0000000728600000| Complete |  0
|  49|0x0000000728800000, 0x0000000728a00000, 0x0000000728a00000|100%| O|  |TAMS 0x0000000728800000| PB 0x0000000728800000| Untracked |  0
|  50|0x0000000728a00000, 0x0000000728c00000, 0x0000000728c00000|100%| O|  |TAMS 0x0000000728a00000| PB 0x0000000728a00000| Untracked |  0
|  51|0x0000000728c00000, 0x0000000728e00000, 0x0000000728e00000|100%| O|  |TAMS 0x0000000728c00000| PB 0x0000000728c00000| Untracked |  0
|  52|0x0000000728e00000, 0x0000000729000000, 0x0000000729000000|100%|HS|  |TAMS 0x0000000728e00000| PB 0x0000000728e00000| Complete |  0
|  53|0x0000000729000000, 0x0000000729200000, 0x0000000729200000|100%|HC|  |TAMS 0x0000000729000000| PB 0x0000000729000000| Complete |  0
|  54|0x0000000729200000, 0x0000000729400000, 0x0000000729400000|100%|HS|  |TAMS 0x0000000729200000| PB 0x0000000729200000| Complete |  0
|  55|0x0000000729400000, 0x0000000729600000, 0x0000000729600000|100%|HC|  |TAMS 0x0000000729400000| PB 0x0000000729400000| Complete |  0
|  56|0x0000000729600000, 0x0000000729800000, 0x0000000729800000|100%|HS|  |TAMS 0x0000000729600000| PB 0x0000000729600000| Complete |  0
|  57|0x0000000729800000, 0x0000000729a00000, 0x0000000729a00000|100%|HC|  |TAMS 0x0000000729800000| PB 0x0000000729800000| Complete |  0
|  58|0x0000000729a00000, 0x0000000729c00000, 0x0000000729c00000|100%|HS|  |TAMS 0x0000000729a00000| PB 0x0000000729a00000| Complete |  0
|  59|0x0000000729c00000, 0x0000000729e00000, 0x0000000729e00000|100%|HC|  |TAMS 0x0000000729c00000| PB 0x0000000729c00000| Complete |  0
|  60|0x0000000729e00000, 0x000000072a000000, 0x000000072a000000|100%|HS|  |TAMS 0x0000000729e00000| PB 0x0000000729e00000| Complete |  0
|  61|0x000000072a000000, 0x000000072a200000, 0x000000072a200000|100%|HC|  |TAMS 0x000000072a000000| PB 0x000000072a000000| Complete |  0
|  62|0x000000072a200000, 0x000000072a400000, 0x000000072a400000|100%|HS|  |TAMS 0x000000072a200000| PB 0x000000072a200000| Complete |  0
|  63|0x000000072a400000, 0x000000072a600000, 0x000000072a600000|100%|HC|  |TAMS 0x000000072a400000| PB 0x000000072a400000| Complete |  0
|  64|0x000000072a600000, 0x000000072a800000, 0x000000072a800000|100%|HS|  |TAMS 0x000000072a600000| PB 0x000000072a600000| Complete |  0
|  65|0x000000072a800000, 0x000000072aa00000, 0x000000072aa00000|100%|HC|  |TAMS 0x000000072a800000| PB 0x000000072a800000| Complete |  0
|  66|0x000000072aa00000, 0x000000072ac00000, 0x000000072ac00000|100%|HS|  |TAMS 0x000000072aa00000| PB 0x000000072aa00000| Complete |  0
|  67|0x000000072ac00000, 0x000000072ae00000, 0x000000072ae00000|100%|HC|  |TAMS 0x000000072ac00000| PB 0x000000072ac00000| Complete |  0
|  68|0x000000072ae00000, 0x000000072b000000, 0x000000072b000000|100%|HS|  |TAMS 0x000000072ae00000| PB 0x000000072ae00000| Complete |  0
|  69|0x000000072b000000, 0x000000072b200000, 0x000000072b200000|100%|HC|  |TAMS 0x000000072b000000| PB 0x000000072b000000| Complete |  0
|  70|0x000000072b200000, 0x000000072b400000, 0x000000072b400000|100%|HS|  |TAMS 0x000000072b200000| PB 0x000000072b200000| Complete |  0
|  71|0x000000072b400000, 0x000000072b600000, 0x000000072b600000|100%|HC|  |TAMS 0x000000072b400000| PB 0x000000072b400000| Complete |  0
|  72|0x000000072b600000, 0x000000072b800000, 0x000000072b800000|100%|HS|  |TAMS 0x000000072b600000| PB 0x000000072b600000| Complete |  0
|  73|0x000000072b800000, 0x000000072ba00000, 0x000000072ba00000|100%|HC|  |TAMS 0x000000072b800000| PB 0x000000072b800000| Complete |  0
|  74|0x000000072ba00000, 0x000000072bc00000, 0x000000072bc00000|100%|HS|  |TAMS 0x000000072ba00000| PB 0x000000072ba00000| Complete |  0
|  75|0x000000072bc00000, 0x000000072be00000, 0x000000072be00000|100%|HC|  |TAMS 0x000000072bc00000| PB 0x000000072bc00000| Complete |  0
|  76|0x000000072be00000, 0x000000072c000000, 0x000000072c000000|100%|HS|  |TAMS 0x000000072be00000| PB 0x000000072be00000| Complete |  0
|  77|0x000000072c000000, 0x000000072c200000, 0x000000072c200000|100%|HC|  |TAMS 0x000000072c000000| PB 0x000000072c000000| Complete |  0
|  78|0x000000072c200000, 0x000000072c400000, 0x000000072c400000|100%|HS|  |TAMS 0x000000072c200000| PB 0x000000072c200000| Complete |  0
|  79|0x000000072c400000, 0x000000072c600000, 0x000000072c600000|100%|HC|  |TAMS 0x000000072c400000| PB 0x000000072c400000| Complete |  0
|  80|0x000000072c600000, 0x000000072c800000, 0x000000072c800000|100%|HS|  |TAMS 0x000000072c600000| PB 0x000000072c600000| Complete |  0
|  81|0x000000072c800000, 0x000000072ca00000, 0x000000072ca00000|100%|HC|  |TAMS 0x000000072c800000| PB 0x000000072c800000| Complete |  0
|  82|0x000000072ca00000, 0x000000072cc00000, 0x000000072cc00000|100%|HS|  |TAMS 0x000000072ca00000| PB 0x000000072ca00000| Complete |  0
|  83|0x000000072cc00000, 0x000000072ce00000, 0x000000072ce00000|100%|HC|  |TAMS 0x000000072cc00000| PB 0x000000072cc00000| Complete |  0
|  84|0x000000072ce00000, 0x000000072d000000, 0x000000072d000000|100%|HS|  |TAMS 0x000000072ce00000| PB 0x000000072ce00000| Complete |  0
|  85|0x000000072d000000, 0x000000072d200000, 0x000000072d200000|100%|HC|  |TAMS 0x000000072d000000| PB 0x000000072d000000| Complete |  0
|  86|0x000000072d200000, 0x000000072d400000, 0x000000072d400000|100%|HS|  |TAMS 0x000000072d200000| PB 0x000000072d200000| Complete |  0
|  87|0x000000072d400000, 0x000000072d600000, 0x000000072d600000|100%|HC|  |TAMS 0x000000072d400000| PB 0x000000072d400000| Complete |  0
|  88|0x000000072d600000, 0x000000072d800000, 0x000000072d800000|100%|HS|  |TAMS 0x000000072d600000| PB 0x000000072d600000| Complete |  0
|  89|0x000000072d800000, 0x000000072da00000, 0x000000072da00000|100%|HC|  |TAMS 0x000000072d800000| PB 0x000000072d800000| Complete |  0
|  90|0x000000072da00000, 0x000000072dc00000, 0x000000072dc00000|100%|HS|  |TAMS 0x000000072da00000| PB 0x000000072da00000| Complete |  0
|  91|0x000000072dc00000, 0x000000072de00000, 0x000000072de00000|100%|HC|  |TAMS 0x000000072dc00000| PB 0x000000072dc00000| Complete |  0
|  92|0x000000072de00000, 0x000000072e000000, 0x000000072e000000|100%|HS|  |TAMS 0x000000072de00000| PB 0x000000072de00000| Complete |  0
|  93|0x000000072e000000, 0x000000072e200000, 0x000000072e200000|100%|HC|  |TAMS 0x000000072e000000| PB 0x000000072e000000| Complete |  0
|  94|0x000000072e200000, 0x000000072e400000, 0x000000072e400000|100%| E|CS|TAMS 0x000000072e200000| PB 0x000000072e200000| Complete |  0
|  95|0x000000072e400000, 0x000000072e600000, 0x000000072e600000|100%|HS|  |TAMS 0x000000072e400000| PB 0x000000072e400000| Complete |  0
|  96|0x000000072e600000, 0x000000072e800000, 0x000000072e800000|100%|HC|  |TAMS 0x000000072e600000| PB 0x000000072e600000| Complete |  0
|  97|0x000000072e800000, 0x000000072ea00000, 0x000000072ea00000|100%|HS|  |TAMS 0x000000072e800000| PB 0x000000072e800000| Complete |  0
|  98|0x000000072ea00000, 0x000000072ec00000, 0x000000072ec00000|100%|HC|  |TAMS 0x000000072ea00000| PB 0x000000072ea00000| Complete |  0
|  99|0x000000072ec00000, 0x000000072ee00000, 0x000000072ee00000|100%|HS|  |TAMS 0x000000072ec00000| PB 0x000000072ec00000| Complete |  0
| 100|0x000000072ee00000, 0x000000072f000000, 0x000000072f000000|100%|HC|  |TAMS 0x000000072ee00000| PB 0x000000072ee00000| Complete |  0
| 101|0x000000072f000000, 0x000000072f200000, 0x000000072f200000|100%|HS|  |TAMS 0x000000072f000000| PB 0x000000072f000000| Complete |  0
| 102|0x000000072f200000, 0x000000072f400000, 0x000000072f400000|100%|HC|  |TAMS 0x000000072f200000| PB 0x000000072f200000| Complete |  0
| 103|0x000000072f400000, 0x000000072f600000, 0x000000072f600000|100%|HS|  |TAMS 0x000000072f400000| PB 0x000000072f400000| Complete |  0
| 104|0x000000072f600000, 0x000000072f800000, 0x000000072f800000|100%|HC|  |TAMS 0x000000072f600000| PB 0x000000072f600000| Complete |  0
| 105|0x000000072f800000, 0x000000072fa00000, 0x000000072fa00000|100%|HS|  |TAMS 0x000000072f800000| PB 0x000000072f800000| Complete |  0
| 106|0x000000072fa00000, 0x000000072fc00000, 0x000000072fc00000|100%|HC|  |TAMS 0x000000072fa00000| PB 0x000000072fa00000| Complete |  0
| 107|0x000000072fc00000, 0x000000072fe00000, 0x000000072fe00000|100%| E|CS|TAMS 0x000000072fc00000| PB 0x000000072fc00000| Complete |  0
| 108|0x000000072fe00000, 0x0000000730000000, 0x0000000730000000|100%| E|CS|TAMS 0x000000072fe00000| PB 0x000000072fe00000| Complete |  0
| 109|0x0000000730000000, 0x0000000730200000, 0x0000000730200000|100%| E|CS|TAMS 0x0000000730000000| PB 0x0000000730000000| Complete |  0
| 110|0x0000000730200000, 0x0000000730400000, 0x0000000730400000|100%| E|CS|TAMS 0x0000000730200000| PB 0x0000000730200000| Complete |  0
| 111|0x0000000730400000, 0x0000000730600000, 0x0000000730600000|100%|HS|  |TAMS 0x0000000730400000| PB 0x0000000730400000| Complete |  0
| 112|0x0000000730600000, 0x0000000730800000, 0x0000000730800000|100%|HC|  |TAMS 0x0000000730600000| PB 0x0000000730600000| Complete |  0
| 113|0x0000000730800000, 0x0000000730a00000, 0x0000000730a00000|100%|HS|  |TAMS 0x0000000730800000| PB 0x0000000730800000| Complete |  0
| 114|0x0000000730a00000, 0x0000000730c00000, 0x0000000730c00000|100%|HC|  |TAMS 0x0000000730a00000| PB 0x0000000730a00000| Complete |  0
| 115|0x0000000730c00000, 0x0000000730e00000, 0x0000000730e00000|100%|HS|  |TAMS 0x0000000730c00000| PB 0x0000000730c00000| Complete |  0
| 116|0x0000000730e00000, 0x0000000731000000, 0x0000000731000000|100%|HC|  |TAMS 0x0000000730e00000| PB 0x0000000730e00000| Complete |  0
| 117|0x0000000731000000, 0x0000000731200000, 0x0000000731200000|100%|HS|  |TAMS 0x0000000731000000| PB 0x0000000731000000| Complete |  0
| 118|0x0000000731200000, 0x0000000731400000, 0x0000000731400000|100%|HC|  |TAMS 0x0000000731200000| PB 0x0000000731200000| Complete |  0
| 119|0x0000000731400000, 0x0000000731600000, 0x0000000731600000|100%|HS|  |TAMS 0x0000000731400000| PB 0x0000000731400000| Complete |  0
| 120|0x0000000731600000, 0x0000000731800000, 0x0000000731800000|100%|HC|  |TAMS 0x0000000731600000| PB 0x0000000731600000| Complete |  0
| 121|0x0000000731800000, 0x0000000731a00000, 0x0000000731a00000|100%|HS|  |TAMS 0x0000000731800000| PB 0x0000000731800000| Complete |  0
| 122|0x0000000731a00000, 0x0000000731c00000, 0x0000000731c00000|100%|HC|  |TAMS 0x0000000731a00000| PB 0x0000000731a00000| Complete |  0
| 123|0x0000000731c00000, 0x0000000731e00000, 0x0000000731e00000|100%|HS|  |TAMS 0x0000000731c00000| PB 0x0000000731c00000| Complete |  0
| 124|0x0000000731e00000, 0x0000000732000000, 0x0000000732000000|100%|HC|  |TAMS 0x0000000731e00000| PB 0x0000000731e00000| Complete |  0
| 125|0x0000000732000000, 0x0000000732200000, 0x0000000732200000|100%|HS|  |TAMS 0x0000000732000000| PB 0x0000000732000000| Complete |  0
| 126|0x0000000732200000, 0x0000000732400000, 0x0000000732400000|100%|HC|  |TAMS 0x0000000732200000| PB 0x0000000732200000| Complete |  0
| 127|0x0000000732400000, 0x0000000732600000, 0x0000000732600000|100%|HS|  |TAMS 0x0000000732400000| PB 0x0000000732400000| Complete |  0
| 128|0x0000000732600000, 0x0000000732800000, 0x0000000732800000|100%|HC|  |TAMS 0x0000000732600000| PB 0x0000000732600000| Complete |  0
| 129|0x0000000732800000, 0x0000000732a00000, 0x0000000732a00000|100%|HS|  |TAMS 0x0000000732800000| PB 0x0000000732800000| Complete |  0
| 130|0x0000000732a00000, 0x0000000732c00000, 0x0000000732c00000|100%|HC|  |TAMS 0x0000000732a00000| PB 0x0000000732a00000| Complete |  0
| 131|0x0000000732c00000, 0x0000000732e00000, 0x0000000732e00000|100%|HS|  |TAMS 0x0000000732c00000| PB 0x0000000732c00000| Complete |  0
| 132|0x0000000732e00000, 0x0000000733000000, 0x0000000733000000|100%|HC|  |TAMS 0x0000000732e00000| PB 0x0000000732e00000| Complete |  0
| 133|0x0000000733000000, 0x0000000733200000, 0x0000000733200000|100%|HS|  |TAMS 0x0000000733000000| PB 0x0000000733000000| Complete |  0
| 134|0x0000000733200000, 0x0000000733400000, 0x0000000733400000|100%|HC|  |TAMS 0x0000000733200000| PB 0x0000000733200000| Complete |  0
| 135|0x0000000733400000, 0x0000000733600000, 0x0000000733600000|100%|HS|  |TAMS 0x0000000733400000| PB 0x0000000733400000| Complete |  0
| 136|0x0000000733600000, 0x0000000733800000, 0x0000000733800000|100%|HC|  |TAMS 0x0000000733600000| PB 0x0000000733600000| Complete |  0
| 137|0x0000000733800000, 0x0000000733a00000, 0x0000000733a00000|100%|HS|  |TAMS 0x0000000733800000| PB 0x0000000733800000| Complete |  0
| 138|0x0000000733a00000, 0x0000000733c00000, 0x0000000733c00000|100%|HC|  |TAMS 0x0000000733a00000| PB 0x0000000733a00000| Complete |  0
| 139|0x0000000733c00000, 0x0000000733e00000, 0x0000000733e00000|100%|HS|  |TAMS 0x0000000733c00000| PB 0x0000000733c00000| Complete |  0
| 140|0x0000000733e00000, 0x0000000734000000, 0x0000000734000000|100%|HC|  |TAMS 0x0000000733e00000| PB 0x0000000733e00000| Complete |  0
| 141|0x0000000734000000, 0x0000000734200000, 0x0000000734200000|100%|HS|  |TAMS 0x0000000734000000| PB 0x0000000734000000| Complete |  0
| 142|0x0000000734200000, 0x0000000734400000, 0x0000000734400000|100%|HC|  |TAMS 0x0000000734200000| PB 0x0000000734200000| Complete |  0
| 143|0x0000000734400000, 0x0000000734600000, 0x0000000734600000|100%|HS|  |TAMS 0x0000000734400000| PB 0x0000000734400000| Complete |  0
| 144|0x0000000734600000, 0x0000000734800000, 0x0000000734800000|100%|HC|  |TAMS 0x0000000734600000| PB 0x0000000734600000| Complete |  0
| 145|0x0000000734800000, 0x0000000734a00000, 0x0000000734a00000|100%|HS|  |TAMS 0x0000000734800000| PB 0x0000000734800000| Complete |  0
| 146|0x0000000734a00000, 0x0000000734c00000, 0x0000000734c00000|100%|HC|  |TAMS 0x0000000734a00000| PB 0x0000000734a00000| Complete |  0
| 147|0x0000000734c00000, 0x0000000734e00000, 0x0000000734e00000|100%|HS|  |TAMS 0x0000000734c00000| PB 0x0000000734c00000| Complete |  0
| 148|0x0000000734e00000, 0x0000000735000000, 0x0000000735000000|100%|HC|  |TAMS 0x0000000734e00000| PB 0x0000000734e00000| Complete |  0
| 149|0x0000000735000000, 0x0000000735200000, 0x0000000735200000|100%|HS|  |TAMS 0x0000000735000000| PB 0x0000000735000000| Complete |  0
| 150|0x0000000735200000, 0x0000000735400000, 0x0000000735400000|100%|HC|  |TAMS 0x0000000735200000| PB 0x0000000735200000| Complete |  0
| 151|0x0000000735400000, 0x0000000735600000, 0x0000000735600000|100%|HS|  |TAMS 0x0000000735400000| PB 0x0000000735400000| Complete |  0
| 152|0x0000000735600000, 0x0000000735800000, 0x0000000735800000|100%|HC|  |TAMS 0x0000000735600000| PB 0x0000000735600000| Complete |  0
| 153|0x0000000735800000, 0x0000000735a00000, 0x0000000735a00000|100%|HS|  |TAMS 0x0000000735800000| PB 0x0000000735800000| Complete |  0
| 154|0x0000000735a00000, 0x0000000735c00000, 0x0000000735c00000|100%|HC|  |TAMS 0x0000000735a00000| PB 0x0000000735a00000| Complete |  0
| 155|0x0000000735c00000, 0x0000000735e00000, 0x0000000735e00000|100%|HS|  |TAMS 0x0000000735c00000| PB 0x0000000735c00000| Complete |  0
| 156|0x0000000735e00000, 0x0000000736000000, 0x0000000736000000|100%|HC|  |TAMS 0x0000000735e00000| PB 0x0000000735e00000| Complete |  0
| 157|0x0000000736000000, 0x0000000736200000, 0x0000000736200000|100%|HS|  |TAMS 0x0000000736000000| PB 0x0000000736000000| Complete |  0
| 158|0x0000000736200000, 0x0000000736400000, 0x0000000736400000|100%|HC|  |TAMS 0x0000000736200000| PB 0x0000000736200000| Complete |  0
| 159|0x0000000736400000, 0x0000000736600000, 0x0000000736600000|100%|HS|  |TAMS 0x0000000736400000| PB 0x0000000736400000| Complete |  0
| 160|0x0000000736600000, 0x0000000736800000, 0x0000000736800000|100%|HC|  |TAMS 0x0000000736600000| PB 0x0000000736600000| Complete |  0
| 161|0x0000000736800000, 0x0000000736a00000, 0x0000000736a00000|100%|HS|  |TAMS 0x0000000736800000| PB 0x0000000736800000| Complete |  0
| 162|0x0000000736a00000, 0x0000000736c00000, 0x0000000736c00000|100%|HC|  |TAMS 0x0000000736a00000| PB 0x0000000736a00000| Complete |  0
| 163|0x0000000736c00000, 0x0000000736e00000, 0x0000000736e00000|100%|HS|  |TAMS 0x0000000736c00000| PB 0x0000000736c00000| Complete |  0
| 164|0x0000000736e00000, 0x0000000737000000, 0x0000000737000000|100%|HC|  |TAMS 0x0000000736e00000| PB 0x0000000736e00000| Complete |  0
| 165|0x0000000737000000, 0x0000000737200000, 0x0000000737200000|100%|HS|  |TAMS 0x0000000737000000| PB 0x0000000737000000| Complete |  0
| 166|0x0000000737200000, 0x0000000737400000, 0x0000000737400000|100%|HC|  |TAMS 0x0000000737200000| PB 0x0000000737200000| Complete |  0
| 167|0x0000000737400000, 0x0000000737600000, 0x0000000737600000|100%|HS|  |TAMS 0x0000000737400000| PB 0x0000000737400000| Complete |  0
| 168|0x0000000737600000, 0x0000000737800000, 0x0000000737800000|100%|HC|  |TAMS 0x0000000737600000| PB 0x0000000737600000| Complete |  0
| 169|0x0000000737800000, 0x0000000737a00000, 0x0000000737a00000|100%|HS|  |TAMS 0x0000000737800000| PB 0x0000000737800000| Complete |  0
| 170|0x0000000737a00000, 0x0000000737c00000, 0x0000000737c00000|100%|HC|  |TAMS 0x0000000737a00000| PB 0x0000000737a00000| Complete |  0
| 171|0x0000000737c00000, 0x0000000737e00000, 0x0000000737e00000|100%|HS|  |TAMS 0x0000000737c00000| PB 0x0000000737c00000| Complete |  0
| 172|0x0000000737e00000, 0x0000000738000000, 0x0000000738000000|100%|HC|  |TAMS 0x0000000737e00000| PB 0x0000000737e00000| Complete |  0
| 173|0x0000000738000000, 0x0000000738200000, 0x0000000738200000|100%|HS|  |TAMS 0x0000000738000000| PB 0x0000000738000000| Complete |  0
| 174|0x0000000738200000, 0x0000000738400000, 0x0000000738400000|100%|HC|  |TAMS 0x0000000738200000| PB 0x0000000738200000| Complete |  0
| 175|0x0000000738400000, 0x0000000738600000, 0x0000000738600000|100%|HS|  |TAMS 0x0000000738400000| PB 0x0000000738400000| Complete |  0
| 176|0x0000000738600000, 0x0000000738800000, 0x0000000738800000|100%|HC|  |TAMS 0x0000000738600000| PB 0x0000000738600000| Complete |  0
| 177|0x0000000738800000, 0x0000000738a00000, 0x0000000738a00000|100%|HS|  |TAMS 0x0000000738800000| PB 0x0000000738800000| Complete |  0
| 178|0x0000000738a00000, 0x0000000738c00000, 0x0000000738c00000|100%|HC|  |TAMS 0x0000000738a00000| PB 0x0000000738a00000| Complete |  0
| 179|0x0000000738c00000, 0x0000000738e00000, 0x0000000738e00000|100%|HS|  |TAMS 0x0000000738c00000| PB 0x0000000738c00000| Complete |  0
| 180|0x0000000738e00000, 0x0000000739000000, 0x0000000739000000|100%|HC|  |TAMS 0x0000000738e00000| PB 0x0000000738e00000| Complete |  0
| 181|0x0000000739000000, 0x0000000739200000, 0x0000000739200000|100%|HS|  |TAMS 0x0000000739000000| PB 0x0000000739000000| Complete |  0
| 182|0x0000000739200000, 0x0000000739400000, 0x0000000739400000|100%|HC|  |TAMS 0x0000000739200000| PB 0x0000000739200000| Complete |  0
| 183|0x0000000739400000, 0x0000000739600000, 0x0000000739600000|100%|HS|  |TAMS 0x0000000739400000| PB 0x0000000739400000| Complete |  0
| 184|0x0000000739600000, 0x0000000739800000, 0x0000000739800000|100%|HC|  |TAMS 0x0000000739600000| PB 0x0000000739600000| Complete |  0
| 185|0x0000000739800000, 0x0000000739a00000, 0x0000000739a00000|100%|HS|  |TAMS 0x0000000739800000| PB 0x0000000739800000| Complete |  0
| 186|0x0000000739a00000, 0x0000000739c00000, 0x0000000739c00000|100%|HC|  |TAMS 0x0000000739a00000| PB 0x0000000739a00000| Complete |  0
| 187|0x0000000739c00000, 0x0000000739e00000, 0x0000000739e00000|100%|HS|  |TAMS 0x0000000739c00000| PB 0x0000000739c00000| Complete |  0
| 188|0x0000000739e00000, 0x000000073a000000, 0x000000073a000000|100%|HC|  |TAMS 0x0000000739e00000| PB 0x0000000739e00000| Complete |  0
| 189|0x000000073a000000, 0x000000073a200000, 0x000000073a200000|100%|HS|  |TAMS 0x000000073a000000| PB 0x000000073a000000| Complete |  0
| 190|0x000000073a200000, 0x000000073a400000, 0x000000073a400000|100%|HC|  |TAMS 0x000000073a200000| PB 0x000000073a200000| Complete |  0
| 191|0x000000073a400000, 0x000000073a600000, 0x000000073a600000|100%|HS|  |TAMS 0x000000073a400000| PB 0x000000073a400000| Complete |  0
| 192|0x000000073a600000, 0x000000073a800000, 0x000000073a800000|100%|HC|  |TAMS 0x000000073a600000| PB 0x000000073a600000| Complete |  0
| 193|0x000000073a800000, 0x000000073aa00000, 0x000000073aa00000|100%|HS|  |TAMS 0x000000073a800000| PB 0x000000073a800000| Complete |  0
| 194|0x000000073aa00000, 0x000000073ac00000, 0x000000073ac00000|100%|HC|  |TAMS 0x000000073aa00000| PB 0x000000073aa00000| Complete |  0
| 195|0x000000073ac00000, 0x000000073ae00000, 0x000000073ae00000|100%|HS|  |TAMS 0x000000073ac00000| PB 0x000000073ac00000| Complete |  0
| 196|0x000000073ae00000, 0x000000073b000000, 0x000000073b000000|100%|HC|  |TAMS 0x000000073ae00000| PB 0x000000073ae00000| Complete |  0
| 197|0x000000073b000000, 0x000000073b200000, 0x000000073b200000|100%|HS|  |TAMS 0x000000073b000000| PB 0x000000073b000000| Complete |  0
| 198|0x000000073b200000, 0x000000073b400000, 0x000000073b400000|100%|HC|  |TAMS 0x000000073b200000| PB 0x000000073b200000| Complete |  0
| 199|0x000000073b400000, 0x000000073b600000, 0x000000073b600000|100%|HS|  |TAMS 0x000000073b400000| PB 0x000000073b400000| Complete |  0
| 200|0x000000073b600000, 0x000000073b800000, 0x000000073b800000|100%|HC|  |TAMS 0x000000073b600000| PB 0x000000073b600000| Complete |  0
| 201|0x000000073b800000, 0x000000073ba00000, 0x000000073ba00000|100%|HS|  |TAMS 0x000000073b800000| PB 0x000000073b800000| Complete |  0
| 202|0x000000073ba00000, 0x000000073bc00000, 0x000000073bc00000|100%|HC|  |TAMS 0x000000073ba00000| PB 0x000000073ba00000| Complete |  0
| 203|0x000000073bc00000, 0x000000073be00000, 0x000000073be00000|100%|HS|  |TAMS 0x000000073bc00000| PB 0x000000073bc00000| Complete |  0
| 204|0x000000073be00000, 0x000000073c000000, 0x000000073c000000|100%|HC|  |TAMS 0x000000073be00000| PB 0x000000073be00000| Complete |  0
| 205|0x000000073c000000, 0x000000073c200000, 0x000000073c200000|100%|HS|  |TAMS 0x000000073c000000| PB 0x000000073c000000| Complete |  0
| 206|0x000000073c200000, 0x000000073c400000, 0x000000073c400000|100%|HC|  |TAMS 0x000000073c200000| PB 0x000000073c200000| Complete |  0
| 207|0x000000073c400000, 0x000000073c600000, 0x000000073c600000|100%|HS|  |TAMS 0x000000073c400000| PB 0x000000073c400000| Complete |  0
| 208|0x000000073c600000, 0x000000073c800000, 0x000000073c800000|100%|HC|  |TAMS 0x000000073c600000| PB 0x000000073c600000| Complete |  0
| 209|0x000000073c800000, 0x000000073ca00000, 0x000000073ca00000|100%|HS|  |TAMS 0x000000073c800000| PB 0x000000073c800000| Complete |  0
| 210|0x000000073ca00000, 0x000000073cc00000, 0x000000073cc00000|100%|HC|  |TAMS 0x000000073ca00000| PB 0x000000073ca00000| Complete |  0
| 211|0x000000073cc00000, 0x000000073ce00000, 0x000000073ce00000|100%|HS|  |TAMS 0x000000073cc00000| PB 0x000000073cc00000| Complete |  0
| 212|0x000000073ce00000, 0x000000073d000000, 0x000000073d000000|100%|HC|  |TAMS 0x000000073ce00000| PB 0x000000073ce00000| Complete |  0
| 213|0x000000073d000000, 0x000000073d200000, 0x000000073d200000|100%|HS|  |TAMS 0x000000073d000000| PB 0x000000073d000000| Complete |  0
| 214|0x000000073d200000, 0x000000073d400000, 0x000000073d400000|100%|HC|  |TAMS 0x000000073d200000| PB 0x000000073d200000| Complete |  0
| 215|0x000000073d400000, 0x000000073d600000, 0x000000073d600000|100%|HS|  |TAMS 0x000000073d400000| PB 0x000000073d400000| Complete |  0
| 216|0x000000073d600000, 0x000000073d800000, 0x000000073d800000|100%|HC|  |TAMS 0x000000073d600000| PB 0x000000073d600000| Complete |  0
| 217|0x000000073d800000, 0x000000073da00000, 0x000000073da00000|100%|HS|  |TAMS 0x000000073d800000| PB 0x000000073d800000| Complete |  0
| 218|0x000000073da00000, 0x000000073dc00000, 0x000000073dc00000|100%|HC|  |TAMS 0x000000073da00000| PB 0x000000073da00000| Complete |  0
| 219|0x000000073dc00000, 0x000000073de00000, 0x000000073de00000|100%|HS|  |TAMS 0x000000073dc00000| PB 0x000000073dc00000| Complete |  0
| 220|0x000000073de00000, 0x000000073e000000, 0x000000073e000000|100%|HC|  |TAMS 0x000000073de00000| PB 0x000000073de00000| Complete |  0
| 221|0x000000073e000000, 0x000000073e200000, 0x000000073e200000|100%|HS|  |TAMS 0x000000073e000000| PB 0x000000073e000000| Complete |  0
| 222|0x000000073e200000, 0x000000073e400000, 0x000000073e400000|100%|HC|  |TAMS 0x000000073e200000| PB 0x000000073e200000| Complete |  0
| 223|0x000000073e400000, 0x000000073e600000, 0x000000073e600000|100%|HS|  |TAMS 0x000000073e400000| PB 0x000000073e400000| Complete |  0
| 224|0x000000073e600000, 0x000000073e800000, 0x000000073e800000|100%|HC|  |TAMS 0x000000073e600000| PB 0x000000073e600000| Complete |  0
| 225|0x000000073e800000, 0x000000073ea00000, 0x000000073ea00000|100%|HS|  |TAMS 0x000000073e800000| PB 0x000000073e800000| Complete |  0
| 226|0x000000073ea00000, 0x000000073ec00000, 0x000000073ec00000|100%|HC|  |TAMS 0x000000073ea00000| PB 0x000000073ea00000| Complete |  0
| 227|0x000000073ec00000, 0x000000073ee00000, 0x000000073ee00000|100%|HS|  |TAMS 0x000000073ec00000| PB 0x000000073ec00000| Complete |  0
| 228|0x000000073ee00000, 0x000000073f000000, 0x000000073f000000|100%|HC|  |TAMS 0x000000073ee00000| PB 0x000000073ee00000| Complete |  0
| 229|0x000000073f000000, 0x000000073f200000, 0x000000073f200000|100%|HS|  |TAMS 0x000000073f000000| PB 0x000000073f000000| Complete |  0
| 230|0x000000073f200000, 0x000000073f400000, 0x000000073f400000|100%|HC|  |TAMS 0x000000073f200000| PB 0x000000073f200000| Complete |  0
| 231|0x000000073f400000, 0x000000073f600000, 0x000000073f600000|100%|HS|  |TAMS 0x000000073f400000| PB 0x000000073f400000| Complete |  0
| 232|0x000000073f600000, 0x000000073f800000, 0x000000073f800000|100%|HC|  |TAMS 0x000000073f600000| PB 0x000000073f600000| Complete |  0
| 233|0x000000073f800000, 0x000000073fa00000, 0x000000073fa00000|100%|HS|  |TAMS 0x000000073f800000| PB 0x000000073f800000| Complete |  0
| 234|0x000000073fa00000, 0x000000073fc00000, 0x000000073fc00000|100%|HC|  |TAMS 0x000000073fa00000| PB 0x000000073fa00000| Complete |  0
| 235|0x000000073fc00000, 0x000000073fe00000, 0x000000073fe00000|100%|HS|  |TAMS 0x000000073fc00000| PB 0x000000073fc00000| Complete |  0
| 236|0x000000073fe00000, 0x0000000740000000, 0x0000000740000000|100%|HC|  |TAMS 0x000000073fe00000| PB 0x000000073fe00000| Complete |  0
| 237|0x0000000740000000, 0x0000000740200000, 0x0000000740200000|100%|HS|  |TAMS 0x0000000740000000| PB 0x0000000740000000| Complete |  0
| 238|0x0000000740200000, 0x0000000740400000, 0x0000000740400000|100%|HC|  |TAMS 0x0000000740200000| PB 0x0000000740200000| Complete |  0
| 239|0x0000000740400000, 0x0000000740600000, 0x0000000740600000|100%|HS|  |TAMS 0x0000000740400000| PB 0x0000000740400000| Complete |  0
| 240|0x0000000740600000, 0x0000000740800000, 0x0000000740800000|100%|HC|  |TAMS 0x0000000740600000| PB 0x0000000740600000| Complete |  0
| 241|0x0000000740800000, 0x0000000740a00000, 0x0000000740a00000|100%|HS|  |TAMS 0x0000000740800000| PB 0x0000000740800000| Complete |  0
| 242|0x0000000740a00000, 0x0000000740c00000, 0x0000000740c00000|100%|HC|  |TAMS 0x0000000740a00000| PB 0x0000000740a00000| Complete |  0
| 243|0x0000000740c00000, 0x0000000740e00000, 0x0000000740e00000|100%|HS|  |TAMS 0x0000000740c00000| PB 0x0000000740c00000| Complete |  0
| 244|0x0000000740e00000, 0x0000000741000000, 0x0000000741000000|100%|HC|  |TAMS 0x0000000740e00000| PB 0x0000000740e00000| Complete |  0
| 245|0x0000000741000000, 0x0000000741200000, 0x0000000741200000|100%|HS|  |TAMS 0x0000000741000000| PB 0x0000000741000000| Complete |  0
| 246|0x0000000741200000, 0x0000000741400000, 0x0000000741400000|100%|HC|  |TAMS 0x0000000741200000| PB 0x0000000741200000| Complete |  0
| 247|0x0000000741400000, 0x0000000741600000, 0x0000000741600000|100%|HS|  |TAMS 0x0000000741400000| PB 0x0000000741400000| Complete |  0
| 248|0x0000000741600000, 0x0000000741800000, 0x0000000741800000|100%|HC|  |TAMS 0x0000000741600000| PB 0x0000000741600000| Complete |  0
| 249|0x0000000741800000, 0x0000000741a00000, 0x0000000741a00000|100%|HS|  |TAMS 0x0000000741800000| PB 0x0000000741800000| Complete |  0
| 250|0x0000000741a00000, 0x0000000741c00000, 0x0000000741c00000|100%|HC|  |TAMS 0x0000000741a00000| PB 0x0000000741a00000| Complete |  0
| 251|0x0000000741c00000, 0x0000000741e00000, 0x0000000741e00000|100%|HS|  |TAMS 0x0000000741c00000| PB 0x0000000741c00000| Complete |  0
| 252|0x0000000741e00000, 0x0000000742000000, 0x0000000742000000|100%|HC|  |TAMS 0x0000000741e00000| PB 0x0000000741e00000| Complete |  0
| 253|0x0000000742000000, 0x0000000742200000, 0x0000000742200000|100%|HS|  |TAMS 0x0000000742000000| PB 0x0000000742000000| Complete |  0
| 254|0x0000000742200000, 0x0000000742400000, 0x0000000742400000|100%|HC|  |TAMS 0x0000000742200000| PB 0x0000000742200000| Complete |  0
| 255|0x0000000742400000, 0x0000000742600000, 0x0000000742600000|100%|HS|  |TAMS 0x0000000742400000| PB 0x0000000742400000| Complete |  0
| 256|0x0000000742600000, 0x0000000742800000, 0x0000000742800000|100%|HC|  |TAMS 0x0000000742600000| PB 0x0000000742600000| Complete |  0
| 257|0x0000000742800000, 0x0000000742a00000, 0x0000000742a00000|100%|HS|  |TAMS 0x0000000742800000| PB 0x0000000742800000| Complete |  0
| 258|0x0000000742a00000, 0x0000000742c00000, 0x0000000742c00000|100%|HC|  |TAMS 0x0000000742a00000| PB 0x0000000742a00000| Complete |  0
| 259|0x0000000742c00000, 0x0000000742e00000, 0x0000000742e00000|100%|HS|  |TAMS 0x0000000742c00000| PB 0x0000000742c00000| Complete |  0
| 260|0x0000000742e00000, 0x0000000743000000, 0x0000000743000000|100%|HC|  |TAMS 0x0000000742e00000| PB 0x0000000742e00000| Complete |  0
| 261|0x0000000743000000, 0x0000000743200000, 0x0000000743200000|100%|HS|  |TAMS 0x0000000743000000| PB 0x0000000743000000| Complete |  0
| 262|0x0000000743200000, 0x0000000743400000, 0x0000000743400000|100%|HC|  |TAMS 0x0000000743200000| PB 0x0000000743200000| Complete |  0
| 263|0x0000000743400000, 0x0000000743425bc0, 0x0000000743600000|  7%| S|CS|TAMS 0x0000000743400000| PB 0x0000000743400000| Complete |  0
| 264|0x0000000743600000, 0x0000000743800000, 0x0000000743800000|100%|HS|  |TAMS 0x0000000743600000| PB 0x0000000743600000| Complete |  0
| 265|0x0000000743800000, 0x0000000743a00000, 0x0000000743a00000|100%|HC|  |TAMS 0x0000000743800000| PB 0x0000000743800000| Complete |  0
| 266|0x0000000743a00000, 0x0000000743c00000, 0x0000000743c00000|100%|HS|  |TAMS 0x0000000743a00000| PB 0x0000000743a00000| Complete |  0
| 267|0x0000000743c00000, 0x0000000743e00000, 0x0000000743e00000|100%|HC|  |TAMS 0x0000000743c00000| PB 0x0000000743c00000| Complete |  0
| 268|0x0000000743e00000, 0x0000000744000000, 0x0000000744000000|100%|HS|  |TAMS 0x0000000743e00000| PB 0x0000000743e00000| Complete |  0
| 269|0x0000000744000000, 0x0000000744200000, 0x0000000744200000|100%|HC|  |TAMS 0x0000000744000000| PB 0x0000000744000000| Complete |  0
| 270|0x0000000744200000, 0x0000000744400000, 0x0000000744400000|100%|HS|  |TAMS 0x0000000744200000| PB 0x0000000744200000| Complete |  0
| 271|0x0000000744400000, 0x0000000744600000, 0x0000000744600000|100%|HC|  |TAMS 0x0000000744400000| PB 0x0000000744400000| Complete |  0
| 272|0x0000000744600000, 0x0000000744800000, 0x0000000744800000|100%|HS|  |TAMS 0x0000000744600000| PB 0x0000000744600000| Complete |  0
| 273|0x0000000744800000, 0x0000000744a00000, 0x0000000744a00000|100%|HC|  |TAMS 0x0000000744800000| PB 0x0000000744800000| Complete |  0
| 274|0x0000000744a00000, 0x0000000744c00000, 0x0000000744c00000|100%|HS|  |TAMS 0x0000000744a00000| PB 0x0000000744a00000| Complete |  0
| 275|0x0000000744c00000, 0x0000000744e00000, 0x0000000744e00000|100%|HC|  |TAMS 0x0000000744c00000| PB 0x0000000744c00000| Complete |  0
| 276|0x0000000744e00000, 0x0000000745000000, 0x0000000745000000|100%|HS|  |TAMS 0x0000000744e00000| PB 0x0000000744e00000| Complete |  0
| 277|0x0000000745000000, 0x0000000745200000, 0x0000000745200000|100%|HC|  |TAMS 0x0000000745000000| PB 0x0000000745000000| Complete |  0
| 278|0x0000000745200000, 0x0000000745400000, 0x0000000745400000|100%|HS|  |TAMS 0x0000000745200000| PB 0x0000000745200000| Complete |  0
| 279|0x0000000745400000, 0x0000000745600000, 0x0000000745600000|100%|HC|  |TAMS 0x0000000745400000| PB 0x0000000745400000| Complete |  0
| 280|0x0000000745600000, 0x0000000745800000, 0x0000000745800000|100%|HS|  |TAMS 0x0000000745600000| PB 0x0000000745600000| Complete |  0
| 281|0x0000000745800000, 0x0000000745a00000, 0x0000000745a00000|100%|HC|  |TAMS 0x0000000745800000| PB 0x0000000745800000| Complete |  0
| 282|0x0000000745a00000, 0x0000000745c00000, 0x0000000745c00000|100%|HS|  |TAMS 0x0000000745a00000| PB 0x0000000745a00000| Complete |  0
| 283|0x0000000745c00000, 0x0000000745e00000, 0x0000000745e00000|100%|HC|  |TAMS 0x0000000745c00000| PB 0x0000000745c00000| Complete |  0
| 284|0x0000000745e00000, 0x0000000746000000, 0x0000000746000000|100%|HS|  |TAMS 0x0000000745e00000| PB 0x0000000745e00000| Complete |  0
| 285|0x0000000746000000, 0x0000000746200000, 0x0000000746200000|100%|HC|  |TAMS 0x0000000746000000| PB 0x0000000746000000| Complete |  0
| 286|0x0000000746200000, 0x0000000746400000, 0x0000000746400000|100%|HS|  |TAMS 0x0000000746200000| PB 0x0000000746200000| Complete |  0
| 287|0x0000000746400000, 0x0000000746600000, 0x0000000746600000|100%|HC|  |TAMS 0x0000000746400000| PB 0x0000000746400000| Complete |  0
| 288|0x0000000746600000, 0x0000000746800000, 0x0000000746800000|100%|HS|  |TAMS 0x0000000746600000| PB 0x0000000746600000| Complete |  0
| 289|0x0000000746800000, 0x0000000746a00000, 0x0000000746a00000|100%|HC|  |TAMS 0x0000000746800000| PB 0x0000000746800000| Complete |  0
| 290|0x0000000746a00000, 0x0000000746c00000, 0x0000000746c00000|100%|HS|  |TAMS 0x0000000746a00000| PB 0x0000000746a00000| Complete |  0
| 291|0x0000000746c00000, 0x0000000746e00000, 0x0000000746e00000|100%|HC|  |TAMS 0x0000000746c00000| PB 0x0000000746c00000| Complete |  0
| 292|0x0000000746e00000, 0x0000000747000000, 0x0000000747000000|100%|HS|  |TAMS 0x0000000746e00000| PB 0x0000000746e00000| Complete |  0
| 293|0x0000000747000000, 0x0000000747200000, 0x0000000747200000|100%|HC|  |TAMS 0x0000000747000000| PB 0x0000000747000000| Complete |  0
| 294|0x0000000747200000, 0x0000000747400000, 0x0000000747400000|100%|HS|  |TAMS 0x0000000747200000| PB 0x0000000747200000| Complete |  0
| 295|0x0000000747400000, 0x0000000747600000, 0x0000000747600000|100%|HC|  |TAMS 0x0000000747400000| PB 0x0000000747400000| Complete |  0
| 296|0x0000000747600000, 0x0000000747800000, 0x0000000747800000|100%|HS|  |TAMS 0x0000000747600000| PB 0x0000000747600000| Complete |  0
| 297|0x0000000747800000, 0x0000000747a00000, 0x0000000747a00000|100%|HC|  |TAMS 0x0000000747800000| PB 0x0000000747800000| Complete |  0
| 298|0x0000000747a00000, 0x0000000747c00000, 0x0000000747c00000|100%|HS|  |TAMS 0x0000000747a00000| PB 0x0000000747a00000| Complete |  0
| 299|0x0000000747c00000, 0x0000000747e00000, 0x0000000747e00000|100%|HC|  |TAMS 0x0000000747c00000| PB 0x0000000747c00000| Complete |  0
| 300|0x0000000747e00000, 0x0000000748000000, 0x0000000748000000|100%|HS|  |TAMS 0x0000000747e00000| PB 0x0000000747e00000| Complete |  0
| 301|0x0000000748000000, 0x0000000748200000, 0x0000000748200000|100%|HC|  |TAMS 0x0000000748000000| PB 0x0000000748000000| Complete |  0
| 302|0x0000000748200000, 0x0000000748400000, 0x0000000748400000|100%|HS|  |TAMS 0x0000000748200000| PB 0x0000000748200000| Complete |  0
| 303|0x0000000748400000, 0x0000000748600000, 0x0000000748600000|100%|HC|  |TAMS 0x0000000748400000| PB 0x0000000748400000| Complete |  0
| 304|0x0000000748600000, 0x0000000748800000, 0x0000000748800000|100%|HS|  |TAMS 0x0000000748600000| PB 0x0000000748600000| Complete |  0
| 305|0x0000000748800000, 0x0000000748a00000, 0x0000000748a00000|100%|HC|  |TAMS 0x0000000748800000| PB 0x0000000748800000| Complete |  0
| 306|0x0000000748a00000, 0x0000000748c00000, 0x0000000748c00000|100%|HS|  |TAMS 0x0000000748a00000| PB 0x0000000748a00000| Complete |  0
| 307|0x0000000748c00000, 0x0000000748e00000, 0x0000000748e00000|100%|HC|  |TAMS 0x0000000748c00000| PB 0x0000000748c00000| Complete |  0
| 308|0x0000000748e00000, 0x0000000749000000, 0x0000000749000000|100%|HS|  |TAMS 0x0000000748e00000| PB 0x0000000748e00000| Complete |  0
| 309|0x0000000749000000, 0x0000000749200000, 0x0000000749200000|100%|HC|  |TAMS 0x0000000749000000| PB 0x0000000749000000| Complete |  0
| 310|0x0000000749200000, 0x0000000749400000, 0x0000000749400000|100%|HS|  |TAMS 0x0000000749200000| PB 0x0000000749200000| Complete |  0
| 311|0x0000000749400000, 0x0000000749600000, 0x0000000749600000|100%|HC|  |TAMS 0x0000000749400000| PB 0x0000000749400000| Complete |  0
| 312|0x0000000749600000, 0x0000000749800000, 0x0000000749800000|100%|HS|  |TAMS 0x0000000749600000| PB 0x0000000749600000| Complete |  0
| 313|0x0000000749800000, 0x0000000749a00000, 0x0000000749a00000|100%|HC|  |TAMS 0x0000000749800000| PB 0x0000000749800000| Complete |  0
| 314|0x0000000749a00000, 0x0000000749c00000, 0x0000000749c00000|100%|HS|  |TAMS 0x0000000749a00000| PB 0x0000000749a00000| Complete |  0
| 315|0x0000000749c00000, 0x0000000749e00000, 0x0000000749e00000|100%|HC|  |TAMS 0x0000000749c00000| PB 0x0000000749c00000| Complete |  0
| 316|0x0000000749e00000, 0x000000074a000000, 0x000000074a000000|100%|HS|  |TAMS 0x0000000749e00000| PB 0x0000000749e00000| Complete |  0
| 317|0x000000074a000000, 0x000000074a200000, 0x000000074a200000|100%|HC|  |TAMS 0x000000074a000000| PB 0x000000074a000000| Complete |  0
| 318|0x000000074a200000, 0x000000074a400000, 0x000000074a400000|100%|HS|  |TAMS 0x000000074a200000| PB 0x000000074a200000| Complete |  0
| 319|0x000000074a400000, 0x000000074a600000, 0x000000074a600000|100%|HC|  |TAMS 0x000000074a400000| PB 0x000000074a400000| Complete |  0
| 320|0x000000074a600000, 0x000000074a800000, 0x000000074a800000|100%|HS|  |TAMS 0x000000074a600000| PB 0x000000074a600000| Complete |  0
| 321|0x000000074a800000, 0x000000074aa00000, 0x000000074aa00000|100%|HC|  |TAMS 0x000000074a800000| PB 0x000000074a800000| Complete |  0
| 322|0x000000074aa00000, 0x000000074ac00000, 0x000000074ac00000|100%|HS|  |TAMS 0x000000074aa00000| PB 0x000000074aa00000| Complete |  0
| 323|0x000000074ac00000, 0x000000074ae00000, 0x000000074ae00000|100%|HC|  |TAMS 0x000000074ac00000| PB 0x000000074ac00000| Complete |  0
| 324|0x000000074ae00000, 0x000000074b000000, 0x000000074b000000|100%|HS|  |TAMS 0x000000074ae00000| PB 0x000000074ae00000| Complete |  0
| 325|0x000000074b000000, 0x000000074b200000, 0x000000074b200000|100%|HC|  |TAMS 0x000000074b000000| PB 0x000000074b000000| Complete |  0
| 326|0x000000074b200000, 0x000000074b400000, 0x000000074b400000|100%|HS|  |TAMS 0x000000074b200000| PB 0x000000074b200000| Complete |  0
| 327|0x000000074b400000, 0x000000074b600000, 0x000000074b600000|100%|HC|  |TAMS 0x000000074b400000| PB 0x000000074b400000| Complete |  0
| 328|0x000000074b600000, 0x000000074b800000, 0x000000074b800000|100%|HS|  |TAMS 0x000000074b600000| PB 0x000000074b600000| Complete |  0
| 329|0x000000074b800000, 0x000000074ba00000, 0x000000074ba00000|100%|HC|  |TAMS 0x000000074b800000| PB 0x000000074b800000| Complete |  0
| 330|0x000000074ba00000, 0x000000074bc00000, 0x000000074bc00000|100%|HS|  |TAMS 0x000000074ba00000| PB 0x000000074ba00000| Complete |  0
| 331|0x000000074bc00000, 0x000000074be00000, 0x000000074be00000|100%|HC|  |TAMS 0x000000074bc00000| PB 0x000000074bc00000| Complete |  0
| 332|0x000000074be00000, 0x000000074c000000, 0x000000074c000000|100%|HS|  |TAMS 0x000000074be00000| PB 0x000000074be00000| Complete |  0
| 333|0x000000074c000000, 0x000000074c200000, 0x000000074c200000|100%|HC|  |TAMS 0x000000074c000000| PB 0x000000074c000000| Complete |  0
| 334|0x000000074c200000, 0x000000074c400000, 0x000000074c400000|100%|HS|  |TAMS 0x000000074c200000| PB 0x000000074c200000| Complete |  0
| 335|0x000000074c400000, 0x000000074c600000, 0x000000074c600000|100%|HC|  |TAMS 0x000000074c400000| PB 0x000000074c400000| Complete |  0
| 336|0x000000074c600000, 0x000000074c800000, 0x000000074c800000|100%|HS|  |TAMS 0x000000074c600000| PB 0x000000074c600000| Complete |  0
| 337|0x000000074c800000, 0x000000074ca00000, 0x000000074ca00000|100%|HC|  |TAMS 0x000000074c800000| PB 0x000000074c800000| Complete |  0
| 338|0x000000074ca00000, 0x000000074cc00000, 0x000000074cc00000|100%|HS|  |TAMS 0x000000074ca00000| PB 0x000000074ca00000| Complete |  0
| 339|0x000000074cc00000, 0x000000074ce00000, 0x000000074ce00000|100%|HC|  |TAMS 0x000000074cc00000| PB 0x000000074cc00000| Complete |  0
| 340|0x000000074ce00000, 0x000000074d000000, 0x000000074d000000|100%|HS|  |TAMS 0x000000074ce00000| PB 0x000000074ce00000| Complete |  0
| 341|0x000000074d000000, 0x000000074d200000, 0x000000074d200000|100%|HC|  |TAMS 0x000000074d000000| PB 0x000000074d000000| Complete |  0
| 342|0x000000074d200000, 0x000000074d400000, 0x000000074d400000|100%|HS|  |TAMS 0x000000074d200000| PB 0x000000074d200000| Complete |  0
| 343|0x000000074d400000, 0x000000074d600000, 0x000000074d600000|100%|HC|  |TAMS 0x000000074d400000| PB 0x000000074d400000| Complete |  0
| 344|0x000000074d600000, 0x000000074d800000, 0x000000074d800000|100%|HS|  |TAMS 0x000000074d600000| PB 0x000000074d600000| Complete |  0
| 345|0x000000074d800000, 0x000000074da00000, 0x000000074da00000|100%|HC|  |TAMS 0x000000074d800000| PB 0x000000074d800000| Complete |  0
| 346|0x000000074da00000, 0x000000074dc00000, 0x000000074dc00000|100%|HS|  |TAMS 0x000000074da00000| PB 0x000000074da00000| Complete |  0
| 347|0x000000074dc00000, 0x000000074de00000, 0x000000074de00000|100%|HC|  |TAMS 0x000000074dc00000| PB 0x000000074dc00000| Complete |  0
| 348|0x000000074de00000, 0x000000074e000000, 0x000000074e000000|100%|HS|  |TAMS 0x000000074de00000| PB 0x000000074de00000| Complete |  0
| 349|0x000000074e000000, 0x000000074e200000, 0x000000074e200000|100%|HC|  |TAMS 0x000000074e000000| PB 0x000000074e000000| Complete |  0
| 350|0x000000074e200000, 0x000000074e400000, 0x000000074e400000|100%|HS|  |TAMS 0x000000074e200000| PB 0x000000074e200000| Complete |  0
| 351|0x000000074e400000, 0x000000074e600000, 0x000000074e600000|100%|HC|  |TAMS 0x000000074e400000| PB 0x000000074e400000| Complete |  0
| 352|0x000000074e600000, 0x000000074e800000, 0x000000074e800000|100%|HS|  |TAMS 0x000000074e600000| PB 0x000000074e600000| Complete |  0
| 353|0x000000074e800000, 0x000000074ea00000, 0x000000074ea00000|100%|HC|  |TAMS 0x000000074e800000| PB 0x000000074e800000| Complete |  0
| 354|0x000000074ea00000, 0x000000074ec00000, 0x000000074ec00000|100%|HS|  |TAMS 0x000000074ea00000| PB 0x000000074ea00000| Complete |  0
| 355|0x000000074ec00000, 0x000000074ee00000, 0x000000074ee00000|100%|HC|  |TAMS 0x000000074ec00000| PB 0x000000074ec00000| Complete |  0
| 356|0x000000074ee00000, 0x000000074f000000, 0x000000074f000000|100%|HS|  |TAMS 0x000000074ee00000| PB 0x000000074ee00000| Complete |  0
| 357|0x000000074f000000, 0x000000074f200000, 0x000000074f200000|100%|HC|  |TAMS 0x000000074f000000| PB 0x000000074f000000| Complete |  0
| 358|0x000000074f200000, 0x000000074f400000, 0x000000074f400000|100%|HS|  |TAMS 0x000000074f200000| PB 0x000000074f200000| Complete |  0
| 359|0x000000074f400000, 0x000000074f600000, 0x000000074f600000|100%|HC|  |TAMS 0x000000074f400000| PB 0x000000074f400000| Complete |  0
| 360|0x000000074f600000, 0x000000074f800000, 0x000000074f800000|100%|HS|  |TAMS 0x000000074f600000| PB 0x000000074f600000| Complete |  0
| 361|0x000000074f800000, 0x000000074fa00000, 0x000000074fa00000|100%|HC|  |TAMS 0x000000074f800000| PB 0x000000074f800000| Complete |  0
| 362|0x000000074fa00000, 0x000000074fc00000, 0x000000074fc00000|100%|HS|  |TAMS 0x000000074fa00000| PB 0x000000074fa00000| Complete |  0
| 363|0x000000074fc00000, 0x000000074fe00000, 0x000000074fe00000|100%|HC|  |TAMS 0x000000074fc00000| PB 0x000000074fc00000| Complete |  0
| 364|0x000000074fe00000, 0x0000000750000000, 0x0000000750000000|100%|HS|  |TAMS 0x000000074fe00000| PB 0x000000074fe00000| Complete |  0
| 365|0x0000000750000000, 0x0000000750200000, 0x0000000750200000|100%|HC|  |TAMS 0x0000000750000000| PB 0x0000000750000000| Complete |  0
| 366|0x0000000750200000, 0x0000000750400000, 0x0000000750400000|100%|HS|  |TAMS 0x0000000750200000| PB 0x0000000750200000| Complete |  0
| 367|0x0000000750400000, 0x0000000750600000, 0x0000000750600000|100%|HC|  |TAMS 0x0000000750400000| PB 0x0000000750400000| Complete |  0
| 368|0x0000000750600000, 0x0000000750800000, 0x0000000750800000|100%|HS|  |TAMS 0x0000000750600000| PB 0x0000000750600000| Complete |  0
| 369|0x0000000750800000, 0x0000000750a00000, 0x0000000750a00000|100%|HC|  |TAMS 0x0000000750800000| PB 0x0000000750800000| Complete |  0
| 370|0x0000000750a00000, 0x0000000750c00000, 0x0000000750c00000|100%|HS|  |TAMS 0x0000000750a00000| PB 0x0000000750a00000| Complete |  0
| 371|0x0000000750c00000, 0x0000000750e00000, 0x0000000750e00000|100%|HC|  |TAMS 0x0000000750c00000| PB 0x0000000750c00000| Complete |  0
| 372|0x0000000750e00000, 0x0000000751000000, 0x0000000751000000|100%|HS|  |TAMS 0x0000000750e00000| PB 0x0000000750e00000| Complete |  0
| 373|0x0000000751000000, 0x0000000751200000, 0x0000000751200000|100%|HC|  |TAMS 0x0000000751000000| PB 0x0000000751000000| Complete |  0
| 374|0x0000000751200000, 0x0000000751400000, 0x0000000751400000|100%|HS|  |TAMS 0x0000000751200000| PB 0x0000000751200000| Complete |  0
| 375|0x0000000751400000, 0x0000000751600000, 0x0000000751600000|100%|HC|  |TAMS 0x0000000751400000| PB 0x0000000751400000| Complete |  0
| 376|0x0000000751600000, 0x0000000751800000, 0x0000000751800000|100%|HS|  |TAMS 0x0000000751600000| PB 0x0000000751600000| Complete |  0
| 377|0x0000000751800000, 0x0000000751a00000, 0x0000000751a00000|100%|HC|  |TAMS 0x0000000751800000| PB 0x0000000751800000| Complete |  0
| 378|0x0000000751a00000, 0x0000000751c00000, 0x0000000751c00000|100%|HS|  |TAMS 0x0000000751a00000| PB 0x0000000751a00000| Complete |  0
| 379|0x0000000751c00000, 0x0000000751e00000, 0x0000000751e00000|100%|HC|  |TAMS 0x0000000751c00000| PB 0x0000000751c00000| Complete |  0
| 380|0x0000000751e00000, 0x0000000752000000, 0x0000000752000000|100%|HS|  |TAMS 0x0000000751e00000| PB 0x0000000751e00000| Complete |  0
| 381|0x0000000752000000, 0x0000000752200000, 0x0000000752200000|100%|HC|  |TAMS 0x0000000752000000| PB 0x0000000752000000| Complete |  0
| 382|0x0000000752200000, 0x0000000752400000, 0x0000000752400000|100%|HS|  |TAMS 0x0000000752200000| PB 0x0000000752200000| Complete |  0
| 383|0x0000000752400000, 0x0000000752600000, 0x0000000752600000|100%|HC|  |TAMS 0x0000000752400000| PB 0x0000000752400000| Complete |  0
| 384|0x0000000752600000, 0x0000000752800000, 0x0000000752800000|100%|HS|  |TAMS 0x0000000752600000| PB 0x0000000752600000| Complete |  0
| 385|0x0000000752800000, 0x0000000752a00000, 0x0000000752a00000|100%|HC|  |TAMS 0x0000000752800000| PB 0x0000000752800000| Complete |  0
| 386|0x0000000752a00000, 0x0000000752c00000, 0x0000000752c00000|100%|HS|  |TAMS 0x0000000752a00000| PB 0x0000000752a00000| Complete |  0
| 387|0x0000000752c00000, 0x0000000752e00000, 0x0000000752e00000|100%|HC|  |TAMS 0x0000000752c00000| PB 0x0000000752c00000| Complete |  0
| 388|0x0000000752e00000, 0x0000000753000000, 0x0000000753000000|100%|HS|  |TAMS 0x0000000752e00000| PB 0x0000000752e00000| Complete |  0
| 389|0x0000000753000000, 0x0000000753200000, 0x0000000753200000|100%|HC|  |TAMS 0x0000000753000000| PB 0x0000000753000000| Complete |  0
| 390|0x0000000753200000, 0x0000000753400000, 0x0000000753400000|100%|HS|  |TAMS 0x0000000753200000| PB 0x0000000753200000| Complete |  0
| 391|0x0000000753400000, 0x0000000753600000, 0x0000000753600000|100%|HC|  |TAMS 0x0000000753400000| PB 0x0000000753400000| Complete |  0
| 392|0x0000000753600000, 0x0000000753800000, 0x0000000753800000|100%|HS|  |TAMS 0x0000000753600000| PB 0x0000000753600000| Complete |  0
| 393|0x0000000753800000, 0x0000000753a00000, 0x0000000753a00000|100%|HC|  |TAMS 0x0000000753800000| PB 0x0000000753800000| Complete |  0
| 394|0x0000000753a00000, 0x0000000753c00000, 0x0000000753c00000|100%|HS|  |TAMS 0x0000000753a00000| PB 0x0000000753a00000| Complete |  0
| 395|0x0000000753c00000, 0x0000000753e00000, 0x0000000753e00000|100%|HC|  |TAMS 0x0000000753c00000| PB 0x0000000753c00000| Complete |  0
| 396|0x0000000753e00000, 0x0000000754000000, 0x0000000754000000|100%|HS|  |TAMS 0x0000000753e00000| PB 0x0000000753e00000| Complete |  0
| 397|0x0000000754000000, 0x0000000754200000, 0x0000000754200000|100%|HC|  |TAMS 0x0000000754000000| PB 0x0000000754000000| Complete |  0
| 398|0x0000000754200000, 0x0000000754400000, 0x0000000754400000|100%|HS|  |TAMS 0x0000000754200000| PB 0x0000000754200000| Complete |  0
| 399|0x0000000754400000, 0x0000000754600000, 0x0000000754600000|100%|HC|  |TAMS 0x0000000754400000| PB 0x0000000754400000| Complete |  0
| 400|0x0000000754600000, 0x0000000754800000, 0x0000000754800000|100%|HS|  |TAMS 0x0000000754600000| PB 0x0000000754600000| Complete |  0
| 401|0x0000000754800000, 0x0000000754a00000, 0x0000000754a00000|100%|HC|  |TAMS 0x0000000754800000| PB 0x0000000754800000| Complete |  0
| 402|0x0000000754a00000, 0x0000000754c00000, 0x0000000754c00000|100%|HS|  |TAMS 0x0000000754a00000| PB 0x0000000754a00000| Complete |  0
| 403|0x0000000754c00000, 0x0000000754e00000, 0x0000000754e00000|100%|HC|  |TAMS 0x0000000754c00000| PB 0x0000000754c00000| Complete |  0
| 404|0x0000000754e00000, 0x0000000755000000, 0x0000000755000000|100%|HS|  |TAMS 0x0000000754e00000| PB 0x0000000754e00000| Complete |  0
| 405|0x0000000755000000, 0x0000000755200000, 0x0000000755200000|100%|HC|  |TAMS 0x0000000755000000| PB 0x0000000755000000| Complete |  0
| 406|0x0000000755200000, 0x0000000755400000, 0x0000000755400000|100%|HS|  |TAMS 0x0000000755200000| PB 0x0000000755200000| Complete |  0
| 407|0x0000000755400000, 0x0000000755600000, 0x0000000755600000|100%|HC|  |TAMS 0x0000000755400000| PB 0x0000000755400000| Complete |  0
| 408|0x0000000755600000, 0x0000000755800000, 0x0000000755800000|100%|HS|  |TAMS 0x0000000755600000| PB 0x0000000755600000| Complete |  0
| 409|0x0000000755800000, 0x0000000755a00000, 0x0000000755a00000|100%|HC|  |TAMS 0x0000000755800000| PB 0x0000000755800000| Complete |  0
| 410|0x0000000755a00000, 0x0000000755c00000, 0x0000000755c00000|100%|HS|  |TAMS 0x0000000755a00000| PB 0x0000000755a00000| Complete |  0
| 411|0x0000000755c00000, 0x0000000755e00000, 0x0000000755e00000|100%|HC|  |TAMS 0x0000000755c00000| PB 0x0000000755c00000| Complete |  0
| 412|0x0000000755e00000, 0x0000000756000000, 0x0000000756000000|100%|HS|  |TAMS 0x0000000755e00000| PB 0x0000000755e00000| Complete |  0
| 413|0x0000000756000000, 0x0000000756200000, 0x0000000756200000|100%|HC|  |TAMS 0x0000000756000000| PB 0x0000000756000000| Complete |  0
| 414|0x0000000756200000, 0x0000000756400000, 0x0000000756400000|100%|HS|  |TAMS 0x0000000756200000| PB 0x0000000756200000| Complete |  0
| 415|0x0000000756400000, 0x0000000756600000, 0x0000000756600000|100%|HC|  |TAMS 0x0000000756400000| PB 0x0000000756400000| Complete |  0
| 416|0x0000000756600000, 0x0000000756800000, 0x0000000756800000|100%|HS|  |TAMS 0x0000000756600000| PB 0x0000000756600000| Complete |  0
| 417|0x0000000756800000, 0x0000000756a00000, 0x0000000756a00000|100%|HC|  |TAMS 0x0000000756800000| PB 0x0000000756800000| Complete |  0
| 418|0x0000000756a00000, 0x0000000756c00000, 0x0000000756c00000|100%|HS|  |TAMS 0x0000000756a00000| PB 0x0000000756a00000| Complete |  0
| 419|0x0000000756c00000, 0x0000000756e00000, 0x0000000756e00000|100%|HC|  |TAMS 0x0000000756c00000| PB 0x0000000756c00000| Complete |  0
| 420|0x0000000756e00000, 0x0000000757000000, 0x0000000757000000|100%|HS|  |TAMS 0x0000000756e00000| PB 0x0000000756e00000| Complete |  0
| 421|0x0000000757000000, 0x0000000757200000, 0x0000000757200000|100%|HC|  |TAMS 0x0000000757000000| PB 0x0000000757000000| Complete |  0
| 422|0x0000000757200000, 0x0000000757400000, 0x0000000757400000|100%|HS|  |TAMS 0x0000000757200000| PB 0x0000000757200000| Complete |  0
| 423|0x0000000757400000, 0x0000000757600000, 0x0000000757600000|100%|HC|  |TAMS 0x0000000757400000| PB 0x0000000757400000| Complete |  0
| 424|0x0000000757600000, 0x0000000757800000, 0x0000000757800000|100%|HS|  |TAMS 0x0000000757600000| PB 0x0000000757600000| Complete |  0
| 425|0x0000000757800000, 0x0000000757a00000, 0x0000000757a00000|100%|HC|  |TAMS 0x0000000757800000| PB 0x0000000757800000| Complete |  0
| 426|0x0000000757a00000, 0x0000000757c00000, 0x0000000757c00000|100%|HS|  |TAMS 0x0000000757a00000| PB 0x0000000757a00000| Complete |  0
| 427|0x0000000757c00000, 0x0000000757e00000, 0x0000000757e00000|100%|HC|  |TAMS 0x0000000757c00000| PB 0x0000000757c00000| Complete |  0
| 428|0x0000000757e00000, 0x0000000758000000, 0x0000000758000000|100%|HS|  |TAMS 0x0000000757e00000| PB 0x0000000757e00000| Complete |  0
| 429|0x0000000758000000, 0x0000000758200000, 0x0000000758200000|100%|HC|  |TAMS 0x0000000758000000| PB 0x0000000758000000| Complete |  0
| 430|0x0000000758200000, 0x0000000758400000, 0x0000000758400000|100%|HS|  |TAMS 0x0000000758200000| PB 0x0000000758200000| Complete |  0
| 431|0x0000000758400000, 0x0000000758600000, 0x0000000758600000|100%|HC|  |TAMS 0x0000000758400000| PB 0x0000000758400000| Complete |  0
| 432|0x0000000758600000, 0x0000000758800000, 0x0000000758800000|100%|HS|  |TAMS 0x0000000758600000| PB 0x0000000758600000| Complete |  0
| 433|0x0000000758800000, 0x0000000758a00000, 0x0000000758a00000|100%|HC|  |TAMS 0x0000000758800000| PB 0x0000000758800000| Complete |  0
| 434|0x0000000758a00000, 0x0000000758c00000, 0x0000000758c00000|100%|HS|  |TAMS 0x0000000758a00000| PB 0x0000000758a00000| Complete |  0
| 435|0x0000000758c00000, 0x0000000758e00000, 0x0000000758e00000|100%|HC|  |TAMS 0x0000000758c00000| PB 0x0000000758c00000| Complete |  0
| 436|0x0000000758e00000, 0x0000000759000000, 0x0000000759000000|100%|HS|  |TAMS 0x0000000758e00000| PB 0x0000000758e00000| Complete |  0
| 437|0x0000000759000000, 0x0000000759200000, 0x0000000759200000|100%|HC|  |TAMS 0x0000000759000000| PB 0x0000000759000000| Complete |  0
| 438|0x0000000759200000, 0x0000000759400000, 0x0000000759400000|100%|HS|  |TAMS 0x0000000759200000| PB 0x0000000759200000| Complete |  0
| 439|0x0000000759400000, 0x0000000759600000, 0x0000000759600000|100%|HC|  |TAMS 0x0000000759400000| PB 0x0000000759400000| Complete |  0
| 440|0x0000000759600000, 0x0000000759800000, 0x0000000759800000|100%|HS|  |TAMS 0x0000000759600000| PB 0x0000000759600000| Complete |  0
| 441|0x0000000759800000, 0x0000000759a00000, 0x0000000759a00000|100%|HC|  |TAMS 0x0000000759800000| PB 0x0000000759800000| Complete |  0
| 442|0x0000000759a00000, 0x0000000759c00000, 0x0000000759c00000|100%|HS|  |TAMS 0x0000000759a00000| PB 0x0000000759a00000| Complete |  0
| 443|0x0000000759c00000, 0x0000000759e00000, 0x0000000759e00000|100%|HC|  |TAMS 0x0000000759c00000| PB 0x0000000759c00000| Complete |  0
| 444|0x0000000759e00000, 0x000000075a000000, 0x000000075a000000|100%|HS|  |TAMS 0x0000000759e00000| PB 0x0000000759e00000| Complete |  0
| 445|0x000000075a000000, 0x000000075a200000, 0x000000075a200000|100%|HC|  |TAMS 0x000000075a000000| PB 0x000000075a000000| Complete |  0
| 446|0x000000075a200000, 0x000000075a400000, 0x000000075a400000|100%|HS|  |TAMS 0x000000075a200000| PB 0x000000075a200000| Complete |  0
| 447|0x000000075a400000, 0x000000075a600000, 0x000000075a600000|100%|HC|  |TAMS 0x000000075a400000| PB 0x000000075a400000| Complete |  0
| 448|0x000000075a600000, 0x000000075a800000, 0x000000075a800000|100%|HS|  |TAMS 0x000000075a600000| PB 0x000000075a600000| Complete |  0
| 449|0x000000075a800000, 0x000000075aa00000, 0x000000075aa00000|100%|HC|  |TAMS 0x000000075a800000| PB 0x000000075a800000| Complete |  0
| 450|0x000000075aa00000, 0x000000075ac00000, 0x000000075ac00000|100%|HS|  |TAMS 0x000000075aa00000| PB 0x000000075aa00000| Complete |  0
| 451|0x000000075ac00000, 0x000000075ae00000, 0x000000075ae00000|100%|HC|  |TAMS 0x000000075ac00000| PB 0x000000075ac00000| Complete |  0
| 452|0x000000075ae00000, 0x000000075b000000, 0x000000075b000000|100%|HS|  |TAMS 0x000000075ae00000| PB 0x000000075ae00000| Complete |  0
| 453|0x000000075b000000, 0x000000075b200000, 0x000000075b200000|100%|HC|  |TAMS 0x000000075b000000| PB 0x000000075b000000| Complete |  0
| 454|0x000000075b200000, 0x000000075b400000, 0x000000075b400000|100%|HS|  |TAMS 0x000000075b200000| PB 0x000000075b200000| Complete |  0
| 455|0x000000075b400000, 0x000000075b600000, 0x000000075b600000|100%|HC|  |TAMS 0x000000075b400000| PB 0x000000075b400000| Complete |  0
| 456|0x000000075b600000, 0x000000075b800000, 0x000000075b800000|100%|HS|  |TAMS 0x000000075b600000| PB 0x000000075b600000| Complete |  0
| 457|0x000000075b800000, 0x000000075ba00000, 0x000000075ba00000|100%|HC|  |TAMS 0x000000075b800000| PB 0x000000075b800000| Complete |  0
| 458|0x000000075ba00000, 0x000000075bc00000, 0x000000075bc00000|100%|HS|  |TAMS 0x000000075ba00000| PB 0x000000075ba00000| Complete |  0
| 459|0x000000075bc00000, 0x000000075be00000, 0x000000075be00000|100%|HC|  |TAMS 0x000000075bc00000| PB 0x000000075bc00000| Complete |  0
| 460|0x000000075be00000, 0x000000075c000000, 0x000000075c000000|100%|HS|  |TAMS 0x000000075be00000| PB 0x000000075be00000| Complete |  0
| 461|0x000000075c000000, 0x000000075c200000, 0x000000075c200000|100%|HC|  |TAMS 0x000000075c000000| PB 0x000000075c000000| Complete |  0
| 462|0x000000075c200000, 0x000000075c400000, 0x000000075c400000|100%|HS|  |TAMS 0x000000075c200000| PB 0x000000075c200000| Complete |  0
| 463|0x000000075c400000, 0x000000075c600000, 0x000000075c600000|100%|HC|  |TAMS 0x000000075c400000| PB 0x000000075c400000| Complete |  0
| 464|0x000000075c600000, 0x000000075c800000, 0x000000075c800000|100%|HS|  |TAMS 0x000000075c600000| PB 0x000000075c600000| Complete |  0
| 465|0x000000075c800000, 0x000000075ca00000, 0x000000075ca00000|100%|HC|  |TAMS 0x000000075c800000| PB 0x000000075c800000| Complete |  0
| 466|0x000000075ca00000, 0x000000075cc00000, 0x000000075cc00000|100%|HS|  |TAMS 0x000000075ca00000| PB 0x000000075ca00000| Complete |  0
| 467|0x000000075cc00000, 0x000000075ce00000, 0x000000075ce00000|100%|HC|  |TAMS 0x000000075cc00000| PB 0x000000075cc00000| Complete |  0
| 468|0x000000075ce00000, 0x000000075d000000, 0x000000075d000000|100%|HS|  |TAMS 0x000000075ce00000| PB 0x000000075ce00000| Complete |  0
| 469|0x000000075d000000, 0x000000075d200000, 0x000000075d200000|100%|HC|  |TAMS 0x000000075d000000| PB 0x000000075d000000| Complete |  0
| 470|0x000000075d200000, 0x000000075d400000, 0x000000075d400000|100%|HS|  |TAMS 0x000000075d200000| PB 0x000000075d200000| Complete |  0
| 471|0x000000075d400000, 0x000000075d600000, 0x000000075d600000|100%|HC|  |TAMS 0x000000075d400000| PB 0x000000075d400000| Complete |  0
| 472|0x000000075d600000, 0x000000075d800000, 0x000000075d800000|100%|HS|  |TAMS 0x000000075d600000| PB 0x000000075d600000| Complete |  0
| 473|0x000000075d800000, 0x000000075da00000, 0x000000075da00000|100%|HC|  |TAMS 0x000000075d800000| PB 0x000000075d800000| Complete |  0
| 474|0x000000075da00000, 0x000000075dc00000, 0x000000075dc00000|100%|HS|  |TAMS 0x000000075da00000| PB 0x000000075da00000| Complete |  0
| 475|0x000000075dc00000, 0x000000075de00000, 0x000000075de00000|100%|HC|  |TAMS 0x000000075dc00000| PB 0x000000075dc00000| Complete |  0
| 476|0x000000075de00000, 0x000000075e000000, 0x000000075e000000|100%|HS|  |TAMS 0x000000075de00000| PB 0x000000075de00000| Complete |  0
| 477|0x000000075e000000, 0x000000075e200000, 0x000000075e200000|100%|HC|  |TAMS 0x000000075e000000| PB 0x000000075e000000| Complete |  0
| 478|0x000000075e200000, 0x000000075e400000, 0x000000075e400000|100%|HS|  |TAMS 0x000000075e200000| PB 0x000000075e200000| Complete |  0
| 479|0x000000075e400000, 0x000000075e600000, 0x000000075e600000|100%|HC|  |TAMS 0x000000075e400000| PB 0x000000075e400000| Complete |  0
| 480|0x000000075e600000, 0x000000075e800000, 0x000000075e800000|100%|HS|  |TAMS 0x000000075e600000| PB 0x000000075e600000| Complete |  0
| 481|0x000000075e800000, 0x000000075ea00000, 0x000000075ea00000|100%|HC|  |TAMS 0x000000075e800000| PB 0x000000075e800000| Complete |  0
| 482|0x000000075ea00000, 0x000000075ec00000, 0x000000075ec00000|100%|HS|  |TAMS 0x000000075ea00000| PB 0x000000075ea00000| Complete |  0
| 483|0x000000075ec00000, 0x000000075ee00000, 0x000000075ee00000|100%|HC|  |TAMS 0x000000075ec00000| PB 0x000000075ec00000| Complete |  0
| 484|0x000000075ee00000, 0x000000075f000000, 0x000000075f000000|100%|HS|  |TAMS 0x000000075ee00000| PB 0x000000075ee00000| Complete |  0
| 485|0x000000075f000000, 0x000000075f200000, 0x000000075f200000|100%|HC|  |TAMS 0x000000075f000000| PB 0x000000075f000000| Complete |  0
| 486|0x000000075f200000, 0x000000075f400000, 0x000000075f400000|100%|HS|  |TAMS 0x000000075f200000| PB 0x000000075f200000| Complete |  0
| 487|0x000000075f400000, 0x000000075f600000, 0x000000075f600000|100%|HC|  |TAMS 0x000000075f400000| PB 0x000000075f400000| Complete |  0
| 488|0x000000075f600000, 0x000000075f800000, 0x000000075f800000|100%|HS|  |TAMS 0x000000075f600000| PB 0x000000075f600000| Complete |  0
| 489|0x000000075f800000, 0x000000075fa00000, 0x000000075fa00000|100%|HC|  |TAMS 0x000000075f800000| PB 0x000000075f800000| Complete |  0
| 490|0x000000075fa00000, 0x000000075fc00000, 0x000000075fc00000|100%|HS|  |TAMS 0x000000075fa00000| PB 0x000000075fa00000| Complete |  0
| 491|0x000000075fc00000, 0x000000075fe00000, 0x000000075fe00000|100%|HC|  |TAMS 0x000000075fc00000| PB 0x000000075fc00000| Complete |  0
| 492|0x000000075fe00000, 0x0000000760000000, 0x0000000760000000|100%|HS|  |TAMS 0x000000075fe00000| PB 0x000000075fe00000| Complete |  0
| 493|0x0000000760000000, 0x0000000760200000, 0x0000000760200000|100%|HC|  |TAMS 0x0000000760000000| PB 0x0000000760000000| Complete |  0
| 494|0x0000000760200000, 0x0000000760400000, 0x0000000760400000|100%|HS|  |TAMS 0x0000000760200000| PB 0x0000000760200000| Complete |  0
| 495|0x0000000760400000, 0x0000000760600000, 0x0000000760600000|100%|HC|  |TAMS 0x0000000760400000| PB 0x0000000760400000| Complete |  0
| 496|0x0000000760600000, 0x0000000760800000, 0x0000000760800000|100%|HS|  |TAMS 0x0000000760600000| PB 0x0000000760600000| Complete |  0
| 497|0x0000000760800000, 0x0000000760a00000, 0x0000000760a00000|100%|HC|  |TAMS 0x0000000760800000| PB 0x0000000760800000| Complete |  0
| 498|0x0000000760a00000, 0x0000000760c00000, 0x0000000760c00000|100%|HS|  |TAMS 0x0000000760a00000| PB 0x0000000760a00000| Complete |  0
| 499|0x0000000760c00000, 0x0000000760e00000, 0x0000000760e00000|100%|HC|  |TAMS 0x0000000760c00000| PB 0x0000000760c00000| Complete |  0
| 500|0x0000000760e00000, 0x0000000761000000, 0x0000000761000000|100%|HS|  |TAMS 0x0000000760e00000| PB 0x0000000760e00000| Complete |  0
| 501|0x0000000761000000, 0x0000000761200000, 0x0000000761200000|100%|HC|  |TAMS 0x0000000761000000| PB 0x0000000761000000| Complete |  0
| 502|0x0000000761200000, 0x0000000761400000, 0x0000000761400000|100%|HS|  |TAMS 0x0000000761200000| PB 0x0000000761200000| Complete |  0
| 503|0x0000000761400000, 0x0000000761600000, 0x0000000761600000|100%|HC|  |TAMS 0x0000000761400000| PB 0x0000000761400000| Complete |  0
| 504|0x0000000761600000, 0x0000000761800000, 0x0000000761800000|100%|HS|  |TAMS 0x0000000761600000| PB 0x0000000761600000| Complete |  0
| 505|0x0000000761800000, 0x0000000761a00000, 0x0000000761a00000|100%|HC|  |TAMS 0x0000000761800000| PB 0x0000000761800000| Complete |  0
| 506|0x0000000761a00000, 0x0000000761c00000, 0x0000000761c00000|100%|HS|  |TAMS 0x0000000761a00000| PB 0x0000000761a00000| Complete |  0
| 507|0x0000000761c00000, 0x0000000761e00000, 0x0000000761e00000|100%|HC|  |TAMS 0x0000000761c00000| PB 0x0000000761c00000| Complete |  0
| 508|0x0000000761e00000, 0x0000000762000000, 0x0000000762000000|100%|HS|  |TAMS 0x0000000761e00000| PB 0x0000000761e00000| Complete |  0
| 509|0x0000000762000000, 0x0000000762200000, 0x0000000762200000|100%|HC|  |TAMS 0x0000000762000000| PB 0x0000000762000000| Complete |  0
| 510|0x0000000762200000, 0x0000000762400000, 0x0000000762400000|100%|HS|  |TAMS 0x0000000762200000| PB 0x0000000762200000| Complete |  0
| 511|0x0000000762400000, 0x0000000762600000, 0x0000000762600000|100%|HC|  |TAMS 0x0000000762400000| PB 0x0000000762400000| Complete |  0
| 512|0x0000000762600000, 0x0000000762800000, 0x0000000762800000|100%|HS|  |TAMS 0x0000000762600000| PB 0x0000000762600000| Complete |  0
| 513|0x0000000762800000, 0x0000000762a00000, 0x0000000762a00000|100%|HC|  |TAMS 0x0000000762800000| PB 0x0000000762800000| Complete |  0
| 514|0x0000000762a00000, 0x0000000762c00000, 0x0000000762c00000|100%|HS|  |TAMS 0x0000000762a00000| PB 0x0000000762a00000| Complete |  0
| 515|0x0000000762c00000, 0x0000000762e00000, 0x0000000762e00000|100%|HC|  |TAMS 0x0000000762c00000| PB 0x0000000762c00000| Complete |  0
| 516|0x0000000762e00000, 0x0000000763000000, 0x0000000763000000|100%|HS|  |TAMS 0x0000000762e00000| PB 0x0000000762e00000| Complete |  0
| 517|0x0000000763000000, 0x0000000763200000, 0x0000000763200000|100%|HC|  |TAMS 0x0000000763000000| PB 0x0000000763000000| Complete |  0
| 518|0x0000000763200000, 0x0000000763400000, 0x0000000763400000|100%|HS|  |TAMS 0x0000000763200000| PB 0x0000000763200000| Complete |  0
| 519|0x0000000763400000, 0x0000000763600000, 0x0000000763600000|100%|HC|  |TAMS 0x0000000763400000| PB 0x0000000763400000| Complete |  0
| 520|0x0000000763600000, 0x0000000763800000, 0x0000000763800000|100%|HS|  |TAMS 0x0000000763600000| PB 0x0000000763600000| Complete |  0
| 521|0x0000000763800000, 0x0000000763a00000, 0x0000000763a00000|100%|HC|  |TAMS 0x0000000763800000| PB 0x0000000763800000| Complete |  0
| 522|0x0000000763a00000, 0x0000000763c00000, 0x0000000763c00000|100%|HS|  |TAMS 0x0000000763a00000| PB 0x0000000763a00000| Complete |  0
| 523|0x0000000763c00000, 0x0000000763e00000, 0x0000000763e00000|100%|HC|  |TAMS 0x0000000763c00000| PB 0x0000000763c00000| Complete |  0
| 524|0x0000000763e00000, 0x0000000764000000, 0x0000000764000000|100%|HS|  |TAMS 0x0000000763e00000| PB 0x0000000763e00000| Complete |  0
| 525|0x0000000764000000, 0x0000000764200000, 0x0000000764200000|100%|HC|  |TAMS 0x0000000764000000| PB 0x0000000764000000| Complete |  0
| 526|0x0000000764200000, 0x0000000764400000, 0x0000000764400000|100%|HS|  |TAMS 0x0000000764200000| PB 0x0000000764200000| Complete |  0
| 527|0x0000000764400000, 0x0000000764600000, 0x0000000764600000|100%|HC|  |TAMS 0x0000000764400000| PB 0x0000000764400000| Complete |  0
| 528|0x0000000764600000, 0x0000000764800000, 0x0000000764800000|100%|HS|  |TAMS 0x0000000764600000| PB 0x0000000764600000| Complete |  0
| 529|0x0000000764800000, 0x0000000764a00000, 0x0000000764a00000|100%|HC|  |TAMS 0x0000000764800000| PB 0x0000000764800000| Complete |  0
| 530|0x0000000764a00000, 0x0000000764c00000, 0x0000000764c00000|100%|HS|  |TAMS 0x0000000764a00000| PB 0x0000000764a00000| Complete |  0
| 531|0x0000000764c00000, 0x0000000764e00000, 0x0000000764e00000|100%|HC|  |TAMS 0x0000000764c00000| PB 0x0000000764c00000| Complete |  0
| 532|0x0000000764e00000, 0x0000000765000000, 0x0000000765000000|100%|HS|  |TAMS 0x0000000764e00000| PB 0x0000000764e00000| Complete |  0
| 533|0x0000000765000000, 0x0000000765200000, 0x0000000765200000|100%|HC|  |TAMS 0x0000000765000000| PB 0x0000000765000000| Complete |  0
| 534|0x0000000765200000, 0x0000000765400000, 0x0000000765400000|100%|HS|  |TAMS 0x0000000765200000| PB 0x0000000765200000| Complete |  0
| 535|0x0000000765400000, 0x0000000765600000, 0x0000000765600000|100%|HC|  |TAMS 0x0000000765400000| PB 0x0000000765400000| Complete |  0
| 536|0x0000000765600000, 0x0000000765800000, 0x0000000765800000|100%|HS|  |TAMS 0x0000000765600000| PB 0x0000000765600000| Complete |  0
| 537|0x0000000765800000, 0x0000000765a00000, 0x0000000765a00000|100%|HC|  |TAMS 0x0000000765800000| PB 0x0000000765800000| Complete |  0
| 538|0x0000000765a00000, 0x0000000765c00000, 0x0000000765c00000|100%|HS|  |TAMS 0x0000000765a00000| PB 0x0000000765a00000| Complete |  0
| 539|0x0000000765c00000, 0x0000000765e00000, 0x0000000765e00000|100%|HC|  |TAMS 0x0000000765c00000| PB 0x0000000765c00000| Complete |  0
| 540|0x0000000765e00000, 0x0000000766000000, 0x0000000766000000|100%|HS|  |TAMS 0x0000000765e00000| PB 0x0000000765e00000| Complete |  0
| 541|0x0000000766000000, 0x0000000766200000, 0x0000000766200000|100%|HC|  |TAMS 0x0000000766000000| PB 0x0000000766000000| Complete |  0
| 542|0x0000000766200000, 0x0000000766400000, 0x0000000766400000|100%|HS|  |TAMS 0x0000000766200000| PB 0x0000000766200000| Complete |  0
| 543|0x0000000766400000, 0x0000000766600000, 0x0000000766600000|100%|HC|  |TAMS 0x0000000766400000| PB 0x0000000766400000| Complete |  0
| 544|0x0000000766600000, 0x0000000766800000, 0x0000000766800000|100%|HS|  |TAMS 0x0000000766600000| PB 0x0000000766600000| Complete |  0
| 545|0x0000000766800000, 0x0000000766a00000, 0x0000000766a00000|100%|HC|  |TAMS 0x0000000766800000| PB 0x0000000766800000| Complete |  0
| 546|0x0000000766a00000, 0x0000000766c00000, 0x0000000766c00000|100%|HS|  |TAMS 0x0000000766a00000| PB 0x0000000766a00000| Complete |  0
| 547|0x0000000766c00000, 0x0000000766e00000, 0x0000000766e00000|100%|HC|  |TAMS 0x0000000766c00000| PB 0x0000000766c00000| Complete |  0
| 548|0x0000000766e00000, 0x0000000767000000, 0x0000000767000000|100%|HS|  |TAMS 0x0000000766e00000| PB 0x0000000766e00000| Complete |  0
| 549|0x0000000767000000, 0x0000000767200000, 0x0000000767200000|100%|HC|  |TAMS 0x0000000767000000| PB 0x0000000767000000| Complete |  0
| 550|0x0000000767200000, 0x0000000767400000, 0x0000000767400000|100%|HS|  |TAMS 0x0000000767200000| PB 0x0000000767200000| Complete |  0
| 551|0x0000000767400000, 0x0000000767600000, 0x0000000767600000|100%|HC|  |TAMS 0x0000000767400000| PB 0x0000000767400000| Complete |  0
| 552|0x0000000767600000, 0x0000000767800000, 0x0000000767800000|100%|HS|  |TAMS 0x0000000767600000| PB 0x0000000767600000| Complete |  0
| 553|0x0000000767800000, 0x0000000767a00000, 0x0000000767a00000|100%|HC|  |TAMS 0x0000000767800000| PB 0x0000000767800000| Complete |  0
| 554|0x0000000767a00000, 0x0000000767c00000, 0x0000000767c00000|100%|HS|  |TAMS 0x0000000767a00000| PB 0x0000000767a00000| Complete |  0
| 555|0x0000000767c00000, 0x0000000767e00000, 0x0000000767e00000|100%|HC|  |TAMS 0x0000000767c00000| PB 0x0000000767c00000| Complete |  0
| 556|0x0000000767e00000, 0x0000000768000000, 0x0000000768000000|100%|HS|  |TAMS 0x0000000767e00000| PB 0x0000000767e00000| Complete |  0
| 557|0x0000000768000000, 0x0000000768200000, 0x0000000768200000|100%|HC|  |TAMS 0x0000000768000000| PB 0x0000000768000000| Complete |  0
| 558|0x0000000768200000, 0x0000000768400000, 0x0000000768400000|100%|HS|  |TAMS 0x0000000768200000| PB 0x0000000768200000| Complete |  0
| 559|0x0000000768400000, 0x0000000768600000, 0x0000000768600000|100%|HC|  |TAMS 0x0000000768400000| PB 0x0000000768400000| Complete |  0
| 560|0x0000000768600000, 0x0000000768800000, 0x0000000768800000|100%|HS|  |TAMS 0x0000000768600000| PB 0x0000000768600000| Complete |  0
| 561|0x0000000768800000, 0x0000000768a00000, 0x0000000768a00000|100%|HC|  |TAMS 0x0000000768800000| PB 0x0000000768800000| Complete |  0
| 562|0x0000000768a00000, 0x0000000768c00000, 0x0000000768c00000|100%|HS|  |TAMS 0x0000000768a00000| PB 0x0000000768a00000| Complete |  0
| 563|0x0000000768c00000, 0x0000000768e00000, 0x0000000768e00000|100%|HC|  |TAMS 0x0000000768c00000| PB 0x0000000768c00000| Complete |  0
| 564|0x0000000768e00000, 0x0000000769000000, 0x0000000769000000|100%|HS|  |TAMS 0x0000000768e00000| PB 0x0000000768e00000| Complete |  0
| 565|0x0000000769000000, 0x0000000769200000, 0x0000000769200000|100%|HC|  |TAMS 0x0000000769000000| PB 0x0000000769000000| Complete |  0
| 566|0x0000000769200000, 0x0000000769400000, 0x0000000769400000|100%|HS|  |TAMS 0x0000000769200000| PB 0x0000000769200000| Complete |  0
| 567|0x0000000769400000, 0x0000000769600000, 0x0000000769600000|100%|HC|  |TAMS 0x0000000769400000| PB 0x0000000769400000| Complete |  0
| 568|0x0000000769600000, 0x0000000769800000, 0x0000000769800000|100%|HS|  |TAMS 0x0000000769600000| PB 0x0000000769600000| Complete |  0
| 569|0x0000000769800000, 0x0000000769a00000, 0x0000000769a00000|100%|HC|  |TAMS 0x0000000769800000| PB 0x0000000769800000| Complete |  0
| 570|0x0000000769a00000, 0x0000000769c00000, 0x0000000769c00000|100%|HS|  |TAMS 0x0000000769a00000| PB 0x0000000769a00000| Complete |  0
| 571|0x0000000769c00000, 0x0000000769e00000, 0x0000000769e00000|100%|HC|  |TAMS 0x0000000769c00000| PB 0x0000000769c00000| Complete |  0
| 572|0x0000000769e00000, 0x000000076a000000, 0x000000076a000000|100%|HS|  |TAMS 0x0000000769e00000| PB 0x0000000769e00000| Complete |  0
| 573|0x000000076a000000, 0x000000076a200000, 0x000000076a200000|100%|HC|  |TAMS 0x000000076a000000| PB 0x000000076a000000| Complete |  0
| 574|0x000000076a200000, 0x000000076a400000, 0x000000076a400000|100%|HS|  |TAMS 0x000000076a200000| PB 0x000000076a200000| Complete |  0
| 575|0x000000076a400000, 0x000000076a600000, 0x000000076a600000|100%|HC|  |TAMS 0x000000076a400000| PB 0x000000076a400000| Complete |  0
| 576|0x000000076a600000, 0x000000076a800000, 0x000000076a800000|100%|HS|  |TAMS 0x000000076a600000| PB 0x000000076a600000| Complete |  0
| 577|0x000000076a800000, 0x000000076aa00000, 0x000000076aa00000|100%|HC|  |TAMS 0x000000076a800000| PB 0x000000076a800000| Complete |  0
| 578|0x000000076aa00000, 0x000000076ac00000, 0x000000076ac00000|100%|HS|  |TAMS 0x000000076aa00000| PB 0x000000076aa00000| Complete |  0
| 579|0x000000076ac00000, 0x000000076ae00000, 0x000000076ae00000|100%|HC|  |TAMS 0x000000076ac00000| PB 0x000000076ac00000| Complete |  0
| 580|0x000000076ae00000, 0x000000076b000000, 0x000000076b000000|100%|HS|  |TAMS 0x000000076ae00000| PB 0x000000076ae00000| Complete |  0
| 581|0x000000076b000000, 0x000000076b200000, 0x000000076b200000|100%|HC|  |TAMS 0x000000076b000000| PB 0x000000076b000000| Complete |  0
| 582|0x000000076b200000, 0x000000076b400000, 0x000000076b400000|100%|HS|  |TAMS 0x000000076b200000| PB 0x000000076b200000| Complete |  0
| 583|0x000000076b400000, 0x000000076b600000, 0x000000076b600000|100%|HC|  |TAMS 0x000000076b400000| PB 0x000000076b400000| Complete |  0
| 584|0x000000076b600000, 0x000000076b800000, 0x000000076b800000|100%|HS|  |TAMS 0x000000076b600000| PB 0x000000076b600000| Complete |  0
| 585|0x000000076b800000, 0x000000076ba00000, 0x000000076ba00000|100%|HC|  |TAMS 0x000000076b800000| PB 0x000000076b800000| Complete |  0
| 586|0x000000076ba00000, 0x000000076bc00000, 0x000000076bc00000|100%|HS|  |TAMS 0x000000076ba00000| PB 0x000000076ba00000| Complete |  0
| 587|0x000000076bc00000, 0x000000076be00000, 0x000000076be00000|100%|HC|  |TAMS 0x000000076bc00000| PB 0x000000076bc00000| Complete |  0
| 588|0x000000076be00000, 0x000000076c000000, 0x000000076c000000|100%|HS|  |TAMS 0x000000076be00000| PB 0x000000076be00000| Complete |  0
| 589|0x000000076c000000, 0x000000076c200000, 0x000000076c200000|100%|HC|  |TAMS 0x000000076c000000| PB 0x000000076c000000| Complete |  0
| 590|0x000000076c200000, 0x000000076c400000, 0x000000076c400000|100%|HS|  |TAMS 0x000000076c200000| PB 0x000000076c200000| Complete |  0
| 591|0x000000076c400000, 0x000000076c600000, 0x000000076c600000|100%|HC|  |TAMS 0x000000076c400000| PB 0x000000076c400000| Complete |  0
| 592|0x000000076c600000, 0x000000076c800000, 0x000000076c800000|100%|HS|  |TAMS 0x000000076c600000| PB 0x000000076c600000| Complete |  0
| 593|0x000000076c800000, 0x000000076ca00000, 0x000000076ca00000|100%|HC|  |TAMS 0x000000076c800000| PB 0x000000076c800000| Complete |  0
| 594|0x000000076ca00000, 0x000000076cc00000, 0x000000076cc00000|100%|HS|  |TAMS 0x000000076ca00000| PB 0x000000076ca00000| Complete |  0
| 595|0x000000076cc00000, 0x000000076ce00000, 0x000000076ce00000|100%|HC|  |TAMS 0x000000076cc00000| PB 0x000000076cc00000| Complete |  0
| 596|0x000000076ce00000, 0x000000076d000000, 0x000000076d000000|100%|HS|  |TAMS 0x000000076ce00000| PB 0x000000076ce00000| Complete |  0
| 597|0x000000076d000000, 0x000000076d200000, 0x000000076d200000|100%|HC|  |TAMS 0x000000076d000000| PB 0x000000076d000000| Complete |  0
| 598|0x000000076d200000, 0x000000076d400000, 0x000000076d400000|100%|HS|  |TAMS 0x000000076d200000| PB 0x000000076d200000| Complete |  0
| 599|0x000000076d400000, 0x000000076d600000, 0x000000076d600000|100%|HC|  |TAMS 0x000000076d400000| PB 0x000000076d400000| Complete |  0
| 600|0x000000076d600000, 0x000000076d800000, 0x000000076d800000|100%|HS|  |TAMS 0x000000076d600000| PB 0x000000076d600000| Complete |  0
| 601|0x000000076d800000, 0x000000076da00000, 0x000000076da00000|100%|HC|  |TAMS 0x000000076d800000| PB 0x000000076d800000| Complete |  0
| 602|0x000000076da00000, 0x000000076dc00000, 0x000000076dc00000|100%|HS|  |TAMS 0x000000076da00000| PB 0x000000076da00000| Complete |  0
| 603|0x000000076dc00000, 0x000000076de00000, 0x000000076de00000|100%|HC|  |TAMS 0x000000076dc00000| PB 0x000000076dc00000| Complete |  0
| 604|0x000000076de00000, 0x000000076e000000, 0x000000076e000000|100%|HS|  |TAMS 0x000000076de00000| PB 0x000000076de00000| Complete |  0
| 605|0x000000076e000000, 0x000000076e200000, 0x000000076e200000|100%|HC|  |TAMS 0x000000076e000000| PB 0x000000076e000000| Complete |  0
| 606|0x000000076e200000, 0x000000076e400000, 0x000000076e400000|100%|HS|  |TAMS 0x000000076e200000| PB 0x000000076e200000| Complete |  0
| 607|0x000000076e400000, 0x000000076e600000, 0x000000076e600000|100%|HC|  |TAMS 0x000000076e400000| PB 0x000000076e400000| Complete |  0
| 608|0x000000076e600000, 0x000000076e800000, 0x000000076e800000|100%|HS|  |TAMS 0x000000076e600000| PB 0x000000076e600000| Complete |  0
| 609|0x000000076e800000, 0x000000076ea00000, 0x000000076ea00000|100%|HC|  |TAMS 0x000000076e800000| PB 0x000000076e800000| Complete |  0
| 610|0x000000076ea00000, 0x000000076ec00000, 0x000000076ec00000|100%|HS|  |TAMS 0x000000076ea00000| PB 0x000000076ea00000| Complete |  0
| 611|0x000000076ec00000, 0x000000076ee00000, 0x000000076ee00000|100%|HC|  |TAMS 0x000000076ec00000| PB 0x000000076ec00000| Complete |  0
| 612|0x000000076ee00000, 0x000000076f000000, 0x000000076f000000|100%|HS|  |TAMS 0x000000076ee00000| PB 0x000000076ee00000| Complete |  0
| 613|0x000000076f000000, 0x000000076f200000, 0x000000076f200000|100%|HC|  |TAMS 0x000000076f000000| PB 0x000000076f000000| Complete |  0
| 614|0x000000076f200000, 0x000000076f400000, 0x000000076f400000|100%|HS|  |TAMS 0x000000076f200000| PB 0x000000076f200000| Complete |  0
| 615|0x000000076f400000, 0x000000076f600000, 0x000000076f600000|100%|HC|  |TAMS 0x000000076f400000| PB 0x000000076f400000| Complete |  0
| 616|0x000000076f600000, 0x000000076f800000, 0x000000076f800000|100%|HS|  |TAMS 0x000000076f600000| PB 0x000000076f600000| Complete |  0
| 617|0x000000076f800000, 0x000000076fa00000, 0x000000076fa00000|100%|HC|  |TAMS 0x000000076f800000| PB 0x000000076f800000| Complete |  0
| 618|0x000000076fa00000, 0x000000076fc00000, 0x000000076fc00000|100%|HS|  |TAMS 0x000000076fa00000| PB 0x000000076fa00000| Complete |  0
| 619|0x000000076fc00000, 0x000000076fe00000, 0x000000076fe00000|100%|HC|  |TAMS 0x000000076fc00000| PB 0x000000076fc00000| Complete |  0
| 620|0x000000076fe00000, 0x0000000770000000, 0x0000000770000000|100%|HS|  |TAMS 0x000000076fe00000| PB 0x000000076fe00000| Complete |  0
| 621|0x0000000770000000, 0x0000000770200000, 0x0000000770200000|100%|HC|  |TAMS 0x0000000770000000| PB 0x0000000770000000| Complete |  0
| 622|0x0000000770200000, 0x0000000770400000, 0x0000000770400000|100%|HS|  |TAMS 0x0000000770200000| PB 0x0000000770200000| Complete |  0
| 623|0x0000000770400000, 0x0000000770600000, 0x0000000770600000|100%|HC|  |TAMS 0x0000000770400000| PB 0x0000000770400000| Complete |  0
| 624|0x0000000770600000, 0x0000000770800000, 0x0000000770800000|100%|HS|  |TAMS 0x0000000770600000| PB 0x0000000770600000| Complete |  0
| 625|0x0000000770800000, 0x0000000770a00000, 0x0000000770a00000|100%|HC|  |TAMS 0x0000000770800000| PB 0x0000000770800000| Complete |  0
| 626|0x0000000770a00000, 0x0000000770c00000, 0x0000000770c00000|100%|HS|  |TAMS 0x0000000770a00000| PB 0x0000000770a00000| Complete |  0
| 627|0x0000000770c00000, 0x0000000770e00000, 0x0000000770e00000|100%|HC|  |TAMS 0x0000000770c00000| PB 0x0000000770c00000| Complete |  0
| 628|0x0000000770e00000, 0x0000000771000000, 0x0000000771000000|100%|HS|  |TAMS 0x0000000770e00000| PB 0x0000000770e00000| Complete |  0
| 629|0x0000000771000000, 0x0000000771200000, 0x0000000771200000|100%|HC|  |TAMS 0x0000000771000000| PB 0x0000000771000000| Complete |  0
| 630|0x0000000771200000, 0x0000000771400000, 0x0000000771400000|100%|HS|  |TAMS 0x0000000771200000| PB 0x0000000771200000| Complete |  0
| 631|0x0000000771400000, 0x0000000771600000, 0x0000000771600000|100%|HC|  |TAMS 0x0000000771400000| PB 0x0000000771400000| Complete |  0
| 632|0x0000000771600000, 0x0000000771800000, 0x0000000771800000|100%|HS|  |TAMS 0x0000000771600000| PB 0x0000000771600000| Complete |  0
| 633|0x0000000771800000, 0x0000000771a00000, 0x0000000771a00000|100%|HC|  |TAMS 0x0000000771800000| PB 0x0000000771800000| Complete |  0
| 634|0x0000000771a00000, 0x0000000771c00000, 0x0000000771c00000|100%|HS|  |TAMS 0x0000000771a00000| PB 0x0000000771a00000| Complete |  0
| 635|0x0000000771c00000, 0x0000000771e00000, 0x0000000771e00000|100%|HC|  |TAMS 0x0000000771c00000| PB 0x0000000771c00000| Complete |  0
| 636|0x0000000771e00000, 0x0000000772000000, 0x0000000772000000|100%|HS|  |TAMS 0x0000000771e00000| PB 0x0000000771e00000| Complete |  0
| 637|0x0000000772000000, 0x0000000772200000, 0x0000000772200000|100%|HC|  |TAMS 0x0000000772000000| PB 0x0000000772000000| Complete |  0
| 638|0x0000000772200000, 0x0000000772400000, 0x0000000772400000|100%|HS|  |TAMS 0x0000000772200000| PB 0x0000000772200000| Complete |  0
| 639|0x0000000772400000, 0x0000000772600000, 0x0000000772600000|100%|HC|  |TAMS 0x0000000772400000| PB 0x0000000772400000| Complete |  0
| 640|0x0000000772600000, 0x0000000772800000, 0x0000000772800000|100%|HS|  |TAMS 0x0000000772600000| PB 0x0000000772600000| Complete |  0
| 641|0x0000000772800000, 0x0000000772a00000, 0x0000000772a00000|100%|HC|  |TAMS 0x0000000772800000| PB 0x0000000772800000| Complete |  0
| 642|0x0000000772a00000, 0x0000000772c00000, 0x0000000772c00000|100%|HS|  |TAMS 0x0000000772a00000| PB 0x0000000772a00000| Complete |  0
| 643|0x0000000772c00000, 0x0000000772e00000, 0x0000000772e00000|100%|HC|  |TAMS 0x0000000772c00000| PB 0x0000000772c00000| Complete |  0
| 644|0x0000000772e00000, 0x0000000773000000, 0x0000000773000000|100%|HS|  |TAMS 0x0000000772e00000| PB 0x0000000772e00000| Complete |  0
| 645|0x0000000773000000, 0x0000000773200000, 0x0000000773200000|100%|HC|  |TAMS 0x0000000773000000| PB 0x0000000773000000| Complete |  0
| 646|0x0000000773200000, 0x0000000773400000, 0x0000000773400000|100%|HS|  |TAMS 0x0000000773200000| PB 0x0000000773200000| Complete |  0
| 647|0x0000000773400000, 0x0000000773600000, 0x0000000773600000|100%|HC|  |TAMS 0x0000000773400000| PB 0x0000000773400000| Complete |  0
| 648|0x0000000773600000, 0x0000000773800000, 0x0000000773800000|100%|HS|  |TAMS 0x0000000773600000| PB 0x0000000773600000| Complete |  0
| 649|0x0000000773800000, 0x0000000773a00000, 0x0000000773a00000|100%|HC|  |TAMS 0x0000000773800000| PB 0x0000000773800000| Complete |  0
| 650|0x0000000773a00000, 0x0000000773c00000, 0x0000000773c00000|100%|HS|  |TAMS 0x0000000773a00000| PB 0x0000000773a00000| Complete |  0
| 651|0x0000000773c00000, 0x0000000773e00000, 0x0000000773e00000|100%|HC|  |TAMS 0x0000000773c00000| PB 0x0000000773c00000| Complete |  0
| 652|0x0000000773e00000, 0x0000000774000000, 0x0000000774000000|100%|HS|  |TAMS 0x0000000773e00000| PB 0x0000000773e00000| Complete |  0
| 653|0x0000000774000000, 0x0000000774200000, 0x0000000774200000|100%|HC|  |TAMS 0x0000000774000000| PB 0x0000000774000000| Complete |  0
| 654|0x0000000774200000, 0x0000000774400000, 0x0000000774400000|100%|HS|  |TAMS 0x0000000774200000| PB 0x0000000774200000| Complete |  0
| 655|0x0000000774400000, 0x0000000774600000, 0x0000000774600000|100%|HC|  |TAMS 0x0000000774400000| PB 0x0000000774400000| Complete |  0
| 656|0x0000000774600000, 0x0000000774800000, 0x0000000774800000|100%|HS|  |TAMS 0x0000000774600000| PB 0x0000000774600000| Complete |  0
| 657|0x0000000774800000, 0x0000000774a00000, 0x0000000774a00000|100%|HC|  |TAMS 0x0000000774800000| PB 0x0000000774800000| Complete |  0
| 658|0x0000000774a00000, 0x0000000774c00000, 0x0000000774c00000|100%|HS|  |TAMS 0x0000000774a00000| PB 0x0000000774a00000| Complete |  0
| 659|0x0000000774c00000, 0x0000000774e00000, 0x0000000774e00000|100%|HC|  |TAMS 0x0000000774c00000| PB 0x0000000774c00000| Complete |  0
| 660|0x0000000774e00000, 0x0000000775000000, 0x0000000775000000|100%|HS|  |TAMS 0x0000000774e00000| PB 0x0000000774e00000| Complete |  0
| 661|0x0000000775000000, 0x0000000775200000, 0x0000000775200000|100%|HC|  |TAMS 0x0000000775000000| PB 0x0000000775000000| Complete |  0
| 662|0x0000000775200000, 0x0000000775400000, 0x0000000775400000|100%|HS|  |TAMS 0x0000000775200000| PB 0x0000000775200000| Complete |  0
| 663|0x0000000775400000, 0x0000000775600000, 0x0000000775600000|100%|HC|  |TAMS 0x0000000775400000| PB 0x0000000775400000| Complete |  0
| 664|0x0000000775600000, 0x0000000775800000, 0x0000000775800000|100%|HS|  |TAMS 0x0000000775600000| PB 0x0000000775600000| Complete |  0
| 665|0x0000000775800000, 0x0000000775a00000, 0x0000000775a00000|100%|HC|  |TAMS 0x0000000775800000| PB 0x0000000775800000| Complete |  0
| 666|0x0000000775a00000, 0x0000000775c00000, 0x0000000775c00000|100%|HS|  |TAMS 0x0000000775a00000| PB 0x0000000775a00000| Complete |  0
| 667|0x0000000775c00000, 0x0000000775e00000, 0x0000000775e00000|100%|HC|  |TAMS 0x0000000775c00000| PB 0x0000000775c00000| Complete |  0
| 668|0x0000000775e00000, 0x0000000776000000, 0x0000000776000000|100%|HS|  |TAMS 0x0000000775e00000| PB 0x0000000775e00000| Complete |  0
| 669|0x0000000776000000, 0x0000000776200000, 0x0000000776200000|100%|HC|  |TAMS 0x0000000776000000| PB 0x0000000776000000| Complete |  0
| 670|0x0000000776200000, 0x0000000776400000, 0x0000000776400000|100%|HS|  |TAMS 0x0000000776200000| PB 0x0000000776200000| Complete |  0
| 671|0x0000000776400000, 0x0000000776600000, 0x0000000776600000|100%|HC|  |TAMS 0x0000000776400000| PB 0x0000000776400000| Complete |  0
| 672|0x0000000776600000, 0x0000000776800000, 0x0000000776800000|100%|HS|  |TAMS 0x0000000776600000| PB 0x0000000776600000| Complete |  0
| 673|0x0000000776800000, 0x0000000776a00000, 0x0000000776a00000|100%|HC|  |TAMS 0x0000000776800000| PB 0x0000000776800000| Complete |  0
| 674|0x0000000776a00000, 0x0000000776c00000, 0x0000000776c00000|100%|HS|  |TAMS 0x0000000776a00000| PB 0x0000000776a00000| Complete |  0
| 675|0x0000000776c00000, 0x0000000776e00000, 0x0000000776e00000|100%|HC|  |TAMS 0x0000000776c00000| PB 0x0000000776c00000| Complete |  0
| 676|0x0000000776e00000, 0x0000000777000000, 0x0000000777000000|100%|HS|  |TAMS 0x0000000776e00000| PB 0x0000000776e00000| Complete |  0
| 677|0x0000000777000000, 0x0000000777200000, 0x0000000777200000|100%|HC|  |TAMS 0x0000000777000000| PB 0x0000000777000000| Complete |  0
| 678|0x0000000777200000, 0x0000000777400000, 0x0000000777400000|100%|HS|  |TAMS 0x0000000777200000| PB 0x0000000777200000| Complete |  0
| 679|0x0000000777400000, 0x0000000777600000, 0x0000000777600000|100%|HC|  |TAMS 0x0000000777400000| PB 0x0000000777400000| Complete |  0
| 680|0x0000000777600000, 0x0000000777800000, 0x0000000777800000|100%|HS|  |TAMS 0x0000000777600000| PB 0x0000000777600000| Complete |  0
| 681|0x0000000777800000, 0x0000000777a00000, 0x0000000777a00000|100%|HC|  |TAMS 0x0000000777800000| PB 0x0000000777800000| Complete |  0
| 682|0x0000000777a00000, 0x0000000777c00000, 0x0000000777c00000|100%|HS|  |TAMS 0x0000000777a00000| PB 0x0000000777a00000| Complete |  0
| 683|0x0000000777c00000, 0x0000000777e00000, 0x0000000777e00000|100%|HC|  |TAMS 0x0000000777c00000| PB 0x0000000777c00000| Complete |  0
| 684|0x0000000777e00000, 0x0000000778000000, 0x0000000778000000|100%|HS|  |TAMS 0x0000000777e00000| PB 0x0000000777e00000| Complete |  0
| 685|0x0000000778000000, 0x0000000778200000, 0x0000000778200000|100%|HC|  |TAMS 0x0000000778000000| PB 0x0000000778000000| Complete |  0
| 686|0x0000000778200000, 0x0000000778400000, 0x0000000778400000|100%|HS|  |TAMS 0x0000000778200000| PB 0x0000000778200000| Complete |  0
| 687|0x0000000778400000, 0x0000000778600000, 0x0000000778600000|100%|HC|  |TAMS 0x0000000778400000| PB 0x0000000778400000| Complete |  0
| 688|0x0000000778600000, 0x0000000778800000, 0x0000000778800000|100%|HS|  |TAMS 0x0000000778600000| PB 0x0000000778600000| Complete |  0
| 689|0x0000000778800000, 0x0000000778a00000, 0x0000000778a00000|100%|HC|  |TAMS 0x0000000778800000| PB 0x0000000778800000| Complete |  0
| 690|0x0000000778a00000, 0x0000000778c00000, 0x0000000778c00000|100%|HS|  |TAMS 0x0000000778a00000| PB 0x0000000778a00000| Complete |  0
| 691|0x0000000778c00000, 0x0000000778e00000, 0x0000000778e00000|100%|HC|  |TAMS 0x0000000778c00000| PB 0x0000000778c00000| Complete |  0
| 692|0x0000000778e00000, 0x0000000779000000, 0x0000000779000000|100%|HS|  |TAMS 0x0000000778e00000| PB 0x0000000778e00000| Complete |  0
| 693|0x0000000779000000, 0x0000000779200000, 0x0000000779200000|100%|HC|  |TAMS 0x0000000779000000| PB 0x0000000779000000| Complete |  0
| 694|0x0000000779200000, 0x0000000779400000, 0x0000000779400000|100%|HS|  |TAMS 0x0000000779200000| PB 0x0000000779200000| Complete |  0
| 695|0x0000000779400000, 0x0000000779600000, 0x0000000779600000|100%|HC|  |TAMS 0x0000000779400000| PB 0x0000000779400000| Complete |  0
| 696|0x0000000779600000, 0x0000000779800000, 0x0000000779800000|100%|HS|  |TAMS 0x0000000779600000| PB 0x0000000779600000| Complete |  0
| 697|0x0000000779800000, 0x0000000779a00000, 0x0000000779a00000|100%|HC|  |TAMS 0x0000000779800000| PB 0x0000000779800000| Complete |  0
| 698|0x0000000779a00000, 0x0000000779c00000, 0x0000000779c00000|100%|HS|  |TAMS 0x0000000779a00000| PB 0x0000000779a00000| Complete |  0
| 699|0x0000000779c00000, 0x0000000779e00000, 0x0000000779e00000|100%|HC|  |TAMS 0x0000000779c00000| PB 0x0000000779c00000| Complete |  0
| 700|0x0000000779e00000, 0x000000077a000000, 0x000000077a000000|100%|HS|  |TAMS 0x0000000779e00000| PB 0x0000000779e00000| Complete |  0
| 701|0x000000077a000000, 0x000000077a200000, 0x000000077a200000|100%|HC|  |TAMS 0x000000077a000000| PB 0x000000077a000000| Complete |  0
| 702|0x000000077a200000, 0x000000077a400000, 0x000000077a400000|100%|HS|  |TAMS 0x000000077a200000| PB 0x000000077a200000| Complete |  0
| 703|0x000000077a400000, 0x000000077a600000, 0x000000077a600000|100%|HC|  |TAMS 0x000000077a400000| PB 0x000000077a400000| Complete |  0
| 704|0x000000077a600000, 0x000000077a800000, 0x000000077a800000|100%|HS|  |TAMS 0x000000077a600000| PB 0x000000077a600000| Complete |  0
| 705|0x000000077a800000, 0x000000077aa00000, 0x000000077aa00000|100%|HC|  |TAMS 0x000000077a800000| PB 0x000000077a800000| Complete |  0
| 706|0x000000077aa00000, 0x000000077ac00000, 0x000000077ac00000|100%|HS|  |TAMS 0x000000077aa00000| PB 0x000000077aa00000| Complete |  0
| 707|0x000000077ac00000, 0x000000077ae00000, 0x000000077ae00000|100%|HC|  |TAMS 0x000000077ac00000| PB 0x000000077ac00000| Complete |  0
| 708|0x000000077ae00000, 0x000000077b000000, 0x000000077b000000|100%|HS|  |TAMS 0x000000077ae00000| PB 0x000000077ae00000| Complete |  0
| 709|0x000000077b000000, 0x000000077b200000, 0x000000077b200000|100%|HC|  |TAMS 0x000000077b000000| PB 0x000000077b000000| Complete |  0
| 710|0x000000077b200000, 0x000000077b400000, 0x000000077b400000|100%|HS|  |TAMS 0x000000077b200000| PB 0x000000077b200000| Complete |  0
| 711|0x000000077b400000, 0x000000077b600000, 0x000000077b600000|100%|HC|  |TAMS 0x000000077b400000| PB 0x000000077b400000| Complete |  0
| 712|0x000000077b600000, 0x000000077b800000, 0x000000077b800000|100%|HS|  |TAMS 0x000000077b600000| PB 0x000000077b600000| Complete |  0
| 713|0x000000077b800000, 0x000000077ba00000, 0x000000077ba00000|100%|HC|  |TAMS 0x000000077b800000| PB 0x000000077b800000| Complete |  0
| 714|0x000000077ba00000, 0x000000077bc00000, 0x000000077bc00000|100%|HS|  |TAMS 0x000000077ba00000| PB 0x000000077ba00000| Complete |  0
| 715|0x000000077bc00000, 0x000000077be00000, 0x000000077be00000|100%|HC|  |TAMS 0x000000077bc00000| PB 0x000000077bc00000| Complete |  0
| 716|0x000000077be00000, 0x000000077c000000, 0x000000077c000000|100%|HS|  |TAMS 0x000000077be00000| PB 0x000000077be00000| Complete |  0
| 717|0x000000077c000000, 0x000000077c200000, 0x000000077c200000|100%|HC|  |TAMS 0x000000077c000000| PB 0x000000077c000000| Complete |  0
| 718|0x000000077c200000, 0x000000077c400000, 0x000000077c400000|100%|HS|  |TAMS 0x000000077c200000| PB 0x000000077c200000| Complete |  0
| 719|0x000000077c400000, 0x000000077c600000, 0x000000077c600000|100%|HC|  |TAMS 0x000000077c400000| PB 0x000000077c400000| Complete |  0
| 720|0x000000077c600000, 0x000000077c800000, 0x000000077c800000|100%|HS|  |TAMS 0x000000077c600000| PB 0x000000077c600000| Complete |  0
| 721|0x000000077c800000, 0x000000077ca00000, 0x000000077ca00000|100%|HC|  |TAMS 0x000000077c800000| PB 0x000000077c800000| Complete |  0
| 722|0x000000077ca00000, 0x000000077cc00000, 0x000000077cc00000|100%|HS|  |TAMS 0x000000077ca00000| PB 0x000000077ca00000| Complete |  0
| 723|0x000000077cc00000, 0x000000077ce00000, 0x000000077ce00000|100%|HC|  |TAMS 0x000000077cc00000| PB 0x000000077cc00000| Complete |  0
| 724|0x000000077ce00000, 0x000000077d000000, 0x000000077d000000|100%|HS|  |TAMS 0x000000077ce00000| PB 0x000000077ce00000| Complete |  0
| 725|0x000000077d000000, 0x000000077d200000, 0x000000077d200000|100%|HC|  |TAMS 0x000000077d000000| PB 0x000000077d000000| Complete |  0
| 726|0x000000077d200000, 0x000000077d400000, 0x000000077d400000|100%|HS|  |TAMS 0x000000077d200000| PB 0x000000077d200000| Complete |  0
| 727|0x000000077d400000, 0x000000077d600000, 0x000000077d600000|100%|HC|  |TAMS 0x000000077d400000| PB 0x000000077d400000| Complete |  0
| 728|0x000000077d600000, 0x000000077d800000, 0x000000077d800000|100%|HS|  |TAMS 0x000000077d600000| PB 0x000000077d600000| Complete |  0
| 729|0x000000077d800000, 0x000000077da00000, 0x000000077da00000|100%|HC|  |TAMS 0x000000077d800000| PB 0x000000077d800000| Complete |  0
| 730|0x000000077da00000, 0x000000077dc00000, 0x000000077dc00000|100%|HS|  |TAMS 0x000000077da00000| PB 0x000000077da00000| Complete |  0
| 731|0x000000077dc00000, 0x000000077de00000, 0x000000077de00000|100%|HC|  |TAMS 0x000000077dc00000| PB 0x000000077dc00000| Complete |  0
| 732|0x000000077de00000, 0x000000077e000000, 0x000000077e000000|100%|HS|  |TAMS 0x000000077de00000| PB 0x000000077de00000| Complete |  0
| 733|0x000000077e000000, 0x000000077e200000, 0x000000077e200000|100%|HC|  |TAMS 0x000000077e000000| PB 0x000000077e000000| Complete |  0
| 734|0x000000077e200000, 0x000000077e400000, 0x000000077e400000|100%|HS|  |TAMS 0x000000077e200000| PB 0x000000077e200000| Complete |  0
| 735|0x000000077e400000, 0x000000077e600000, 0x000000077e600000|100%|HC|  |TAMS 0x000000077e400000| PB 0x000000077e400000| Complete |  0
| 736|0x000000077e600000, 0x000000077e800000, 0x000000077e800000|100%|HS|  |TAMS 0x000000077e600000| PB 0x000000077e600000| Complete |  0
| 737|0x000000077e800000, 0x000000077ea00000, 0x000000077ea00000|100%|HC|  |TAMS 0x000000077e800000| PB 0x000000077e800000| Complete |  0
| 738|0x000000077ea00000, 0x000000077ec00000, 0x000000077ec00000|100%|HS|  |TAMS 0x000000077ea00000| PB 0x000000077ea00000| Complete |  0
| 739|0x000000077ec00000, 0x000000077ee00000, 0x000000077ee00000|100%|HC|  |TAMS 0x000000077ec00000| PB 0x000000077ec00000| Complete |  0
| 740|0x000000077ee00000, 0x000000077f000000, 0x000000077f000000|100%|HS|  |TAMS 0x000000077ee00000| PB 0x000000077ee00000| Complete |  0
| 741|0x000000077f000000, 0x000000077f200000, 0x000000077f200000|100%|HC|  |TAMS 0x000000077f000000| PB 0x000000077f000000| Complete |  0
| 742|0x000000077f200000, 0x000000077f400000, 0x000000077f400000|100%|HS|  |TAMS 0x000000077f200000| PB 0x000000077f200000| Complete |  0
| 743|0x000000077f400000, 0x000000077f600000, 0x000000077f600000|100%|HC|  |TAMS 0x000000077f400000| PB 0x000000077f400000| Complete |  0
| 744|0x000000077f600000, 0x000000077f800000, 0x000000077f800000|100%|HS|  |TAMS 0x000000077f600000| PB 0x000000077f600000| Complete |  0
| 745|0x000000077f800000, 0x000000077fa00000, 0x000000077fa00000|100%|HC|  |TAMS 0x000000077f800000| PB 0x000000077f800000| Complete |  0
| 746|0x000000077fa00000, 0x000000077fc00000, 0x000000077fc00000|100%|HS|  |TAMS 0x000000077fa00000| PB 0x000000077fa00000| Complete |  0
| 747|0x000000077fc00000, 0x000000077fe00000, 0x000000077fe00000|100%|HC|  |TAMS 0x000000077fc00000| PB 0x000000077fc00000| Complete |  0
| 748|0x000000077fe00000, 0x0000000780000000, 0x0000000780000000|100%|HS|  |TAMS 0x000000077fe00000| PB 0x000000077fe00000| Complete |  0
| 749|0x0000000780000000, 0x0000000780200000, 0x0000000780200000|100%|HC|  |TAMS 0x0000000780000000| PB 0x0000000780000000| Complete |  0
| 750|0x0000000780200000, 0x0000000780400000, 0x0000000780400000|100%|HS|  |TAMS 0x0000000780200000| PB 0x0000000780200000| Complete |  0
| 751|0x0000000780400000, 0x0000000780600000, 0x0000000780600000|100%|HC|  |TAMS 0x0000000780400000| PB 0x0000000780400000| Complete |  0
| 752|0x0000000780600000, 0x0000000780800000, 0x0000000780800000|100%|HS|  |TAMS 0x0000000780600000| PB 0x0000000780600000| Complete |  0
| 753|0x0000000780800000, 0x0000000780a00000, 0x0000000780a00000|100%|HC|  |TAMS 0x0000000780800000| PB 0x0000000780800000| Complete |  0
| 754|0x0000000780a00000, 0x0000000780c00000, 0x0000000780c00000|100%|HS|  |TAMS 0x0000000780a00000| PB 0x0000000780a00000| Complete |  0
| 755|0x0000000780c00000, 0x0000000780e00000, 0x0000000780e00000|100%|HC|  |TAMS 0x0000000780c00000| PB 0x0000000780c00000| Complete |  0
| 756|0x0000000780e00000, 0x0000000781000000, 0x0000000781000000|100%|HS|  |TAMS 0x0000000780e00000| PB 0x0000000780e00000| Complete |  0
| 757|0x0000000781000000, 0x0000000781200000, 0x0000000781200000|100%|HC|  |TAMS 0x0000000781000000| PB 0x0000000781000000| Complete |  0
| 758|0x0000000781200000, 0x0000000781400000, 0x0000000781400000|100%|HS|  |TAMS 0x0000000781200000| PB 0x0000000781200000| Complete |  0
| 759|0x0000000781400000, 0x0000000781600000, 0x0000000781600000|100%|HC|  |TAMS 0x0000000781400000| PB 0x0000000781400000| Complete |  0
| 760|0x0000000781600000, 0x0000000781800000, 0x0000000781800000|100%|HS|  |TAMS 0x0000000781600000| PB 0x0000000781600000| Complete |  0
| 761|0x0000000781800000, 0x0000000781a00000, 0x0000000781a00000|100%|HC|  |TAMS 0x0000000781800000| PB 0x0000000781800000| Complete |  0
| 762|0x0000000781a00000, 0x0000000781c00000, 0x0000000781c00000|100%|HS|  |TAMS 0x0000000781a00000| PB 0x0000000781a00000| Complete |  0
| 763|0x0000000781c00000, 0x0000000781e00000, 0x0000000781e00000|100%|HC|  |TAMS 0x0000000781c00000| PB 0x0000000781c00000| Complete |  0
| 764|0x0000000781e00000, 0x0000000782000000, 0x0000000782000000|100%|HS|  |TAMS 0x0000000781e00000| PB 0x0000000781e00000| Complete |  0
| 765|0x0000000782000000, 0x0000000782200000, 0x0000000782200000|100%|HC|  |TAMS 0x0000000782000000| PB 0x0000000782000000| Complete |  0
| 766|0x0000000782200000, 0x0000000782400000, 0x0000000782400000|100%|HS|  |TAMS 0x0000000782200000| PB 0x0000000782200000| Complete |  0
| 767|0x0000000782400000, 0x0000000782600000, 0x0000000782600000|100%|HC|  |TAMS 0x0000000782400000| PB 0x0000000782400000| Complete |  0
| 768|0x0000000782600000, 0x0000000782800000, 0x0000000782800000|100%|HS|  |TAMS 0x0000000782600000| PB 0x0000000782600000| Complete |  0
| 769|0x0000000782800000, 0x0000000782a00000, 0x0000000782a00000|100%|HC|  |TAMS 0x0000000782800000| PB 0x0000000782800000| Complete |  0
| 770|0x0000000782a00000, 0x0000000782c00000, 0x0000000782c00000|100%|HS|  |TAMS 0x0000000782a00000| PB 0x0000000782a00000| Complete |  0
| 771|0x0000000782c00000, 0x0000000782e00000, 0x0000000782e00000|100%|HC|  |TAMS 0x0000000782c00000| PB 0x0000000782c00000| Complete |  0
| 772|0x0000000782e00000, 0x0000000783000000, 0x0000000783000000|100%|HS|  |TAMS 0x0000000782e00000| PB 0x0000000782e00000| Complete |  0
| 773|0x0000000783000000, 0x0000000783200000, 0x0000000783200000|100%|HC|  |TAMS 0x0000000783000000| PB 0x0000000783000000| Complete |  0
| 774|0x0000000783200000, 0x0000000783400000, 0x0000000783400000|100%|HS|  |TAMS 0x0000000783200000| PB 0x0000000783200000| Complete |  0
| 775|0x0000000783400000, 0x0000000783600000, 0x0000000783600000|100%|HC|  |TAMS 0x0000000783400000| PB 0x0000000783400000| Complete |  0
| 776|0x0000000783600000, 0x0000000783800000, 0x0000000783800000|100%|HS|  |TAMS 0x0000000783600000| PB 0x0000000783600000| Complete |  0
| 777|0x0000000783800000, 0x0000000783a00000, 0x0000000783a00000|100%|HC|  |TAMS 0x0000000783800000| PB 0x0000000783800000| Complete |  0
| 778|0x0000000783a00000, 0x0000000783c00000, 0x0000000783c00000|100%|HS|  |TAMS 0x0000000783a00000| PB 0x0000000783a00000| Complete |  0
| 779|0x0000000783c00000, 0x0000000783e00000, 0x0000000783e00000|100%|HC|  |TAMS 0x0000000783c00000| PB 0x0000000783c00000| Complete |  0
| 780|0x0000000783e00000, 0x0000000784000000, 0x0000000784000000|100%|HS|  |TAMS 0x0000000783e00000| PB 0x0000000783e00000| Complete |  0
| 781|0x0000000784000000, 0x0000000784200000, 0x0000000784200000|100%|HC|  |TAMS 0x0000000784000000| PB 0x0000000784000000| Complete |  0
| 782|0x0000000784200000, 0x0000000784400000, 0x0000000784400000|100%|HS|  |TAMS 0x0000000784200000| PB 0x0000000784200000| Complete |  0
| 783|0x0000000784400000, 0x0000000784600000, 0x0000000784600000|100%|HC|  |TAMS 0x0000000784400000| PB 0x0000000784400000| Complete |  0
| 784|0x0000000784600000, 0x0000000784800000, 0x0000000784800000|100%|HS|  |TAMS 0x0000000784600000| PB 0x0000000784600000| Complete |  0
| 785|0x0000000784800000, 0x0000000784a00000, 0x0000000784a00000|100%|HC|  |TAMS 0x0000000784800000| PB 0x0000000784800000| Complete |  0
| 786|0x0000000784a00000, 0x0000000784c00000, 0x0000000784c00000|100%|HS|  |TAMS 0x0000000784a00000| PB 0x0000000784a00000| Complete |  0
| 787|0x0000000784c00000, 0x0000000784e00000, 0x0000000784e00000|100%|HC|  |TAMS 0x0000000784c00000| PB 0x0000000784c00000| Complete |  0
| 788|0x0000000784e00000, 0x0000000785000000, 0x0000000785000000|100%|HS|  |TAMS 0x0000000784e00000| PB 0x0000000784e00000| Complete |  0
| 789|0x0000000785000000, 0x0000000785200000, 0x0000000785200000|100%|HC|  |TAMS 0x0000000785000000| PB 0x0000000785000000| Complete |  0
| 790|0x0000000785200000, 0x0000000785400000, 0x0000000785400000|100%|HS|  |TAMS 0x0000000785200000| PB 0x0000000785200000| Complete |  0
| 791|0x0000000785400000, 0x0000000785600000, 0x0000000785600000|100%|HC|  |TAMS 0x0000000785400000| PB 0x0000000785400000| Complete |  0
| 792|0x0000000785600000, 0x0000000785800000, 0x0000000785800000|100%|HS|  |TAMS 0x0000000785600000| PB 0x0000000785600000| Complete |  0
| 793|0x0000000785800000, 0x0000000785a00000, 0x0000000785a00000|100%|HC|  |TAMS 0x0000000785800000| PB 0x0000000785800000| Complete |  0
| 794|0x0000000785a00000, 0x0000000785c00000, 0x0000000785c00000|100%|HS|  |TAMS 0x0000000785a00000| PB 0x0000000785a00000| Complete |  0
| 795|0x0000000785c00000, 0x0000000785e00000, 0x0000000785e00000|100%|HC|  |TAMS 0x0000000785c00000| PB 0x0000000785c00000| Complete |  0
| 796|0x0000000785e00000, 0x0000000786000000, 0x0000000786000000|100%|HS|  |TAMS 0x0000000785e00000| PB 0x0000000785e00000| Complete |  0
| 797|0x0000000786000000, 0x0000000786200000, 0x0000000786200000|100%|HC|  |TAMS 0x0000000786000000| PB 0x0000000786000000| Complete |  0
| 798|0x0000000786200000, 0x0000000786400000, 0x0000000786400000|100%|HS|  |TAMS 0x0000000786200000| PB 0x0000000786200000| Complete |  0
| 799|0x0000000786400000, 0x0000000786600000, 0x0000000786600000|100%|HC|  |TAMS 0x0000000786400000| PB 0x0000000786400000| Complete |  0
| 800|0x0000000786600000, 0x0000000786800000, 0x0000000786800000|100%|HS|  |TAMS 0x0000000786600000| PB 0x0000000786600000| Complete |  0
| 801|0x0000000786800000, 0x0000000786a00000, 0x0000000786a00000|100%|HC|  |TAMS 0x0000000786800000| PB 0x0000000786800000| Complete |  0
| 802|0x0000000786a00000, 0x0000000786c00000, 0x0000000786c00000|100%|HS|  |TAMS 0x0000000786a00000| PB 0x0000000786a00000| Complete |  0
| 803|0x0000000786c00000, 0x0000000786e00000, 0x0000000786e00000|100%|HC|  |TAMS 0x0000000786c00000| PB 0x0000000786c00000| Complete |  0
| 804|0x0000000786e00000, 0x0000000787000000, 0x0000000787000000|100%|HS|  |TAMS 0x0000000786e00000| PB 0x0000000786e00000| Complete |  0
| 805|0x0000000787000000, 0x0000000787200000, 0x0000000787200000|100%|HC|  |TAMS 0x0000000787000000| PB 0x0000000787000000| Complete |  0
| 806|0x0000000787200000, 0x0000000787400000, 0x0000000787400000|100%|HS|  |TAMS 0x0000000787200000| PB 0x0000000787200000| Complete |  0
| 807|0x0000000787400000, 0x0000000787600000, 0x0000000787600000|100%|HC|  |TAMS 0x0000000787400000| PB 0x0000000787400000| Complete |  0
| 808|0x0000000787600000, 0x0000000787800000, 0x0000000787800000|100%|HS|  |TAMS 0x0000000787600000| PB 0x0000000787600000| Complete |  0
| 809|0x0000000787800000, 0x0000000787a00000, 0x0000000787a00000|100%|HC|  |TAMS 0x0000000787800000| PB 0x0000000787800000| Complete |  0
| 810|0x0000000787a00000, 0x0000000787c00000, 0x0000000787c00000|100%|HS|  |TAMS 0x0000000787a00000| PB 0x0000000787a00000| Complete |  0
| 811|0x0000000787c00000, 0x0000000787e00000, 0x0000000787e00000|100%|HC|  |TAMS 0x0000000787c00000| PB 0x0000000787c00000| Complete |  0
| 812|0x0000000787e00000, 0x0000000788000000, 0x0000000788000000|100%|HS|  |TAMS 0x0000000787e00000| PB 0x0000000787e00000| Complete |  0
| 813|0x0000000788000000, 0x0000000788200000, 0x0000000788200000|100%|HC|  |TAMS 0x0000000788000000| PB 0x0000000788000000| Complete |  0
| 814|0x0000000788200000, 0x0000000788400000, 0x0000000788400000|100%|HS|  |TAMS 0x0000000788200000| PB 0x0000000788200000| Complete |  0
| 815|0x0000000788400000, 0x0000000788600000, 0x0000000788600000|100%|HC|  |TAMS 0x0000000788400000| PB 0x0000000788400000| Complete |  0
| 816|0x0000000788600000, 0x0000000788800000, 0x0000000788800000|100%|HS|  |TAMS 0x0000000788600000| PB 0x0000000788600000| Complete |  0
| 817|0x0000000788800000, 0x0000000788a00000, 0x0000000788a00000|100%|HC|  |TAMS 0x0000000788800000| PB 0x0000000788800000| Complete |  0
| 818|0x0000000788a00000, 0x0000000788c00000, 0x0000000788c00000|100%|HS|  |TAMS 0x0000000788a00000| PB 0x0000000788a00000| Complete |  0
| 819|0x0000000788c00000, 0x0000000788e00000, 0x0000000788e00000|100%|HC|  |TAMS 0x0000000788c00000| PB 0x0000000788c00000| Complete |  0
| 820|0x0000000788e00000, 0x0000000789000000, 0x0000000789000000|100%|HS|  |TAMS 0x0000000788e00000| PB 0x0000000788e00000| Complete |  0
| 821|0x0000000789000000, 0x0000000789200000, 0x0000000789200000|100%|HC|  |TAMS 0x0000000789000000| PB 0x0000000789000000| Complete |  0
| 822|0x0000000789200000, 0x0000000789400000, 0x0000000789400000|100%|HS|  |TAMS 0x0000000789200000| PB 0x0000000789200000| Complete |  0
| 823|0x0000000789400000, 0x0000000789600000, 0x0000000789600000|100%|HC|  |TAMS 0x0000000789400000| PB 0x0000000789400000| Complete |  0
| 824|0x0000000789600000, 0x0000000789800000, 0x0000000789800000|100%|HS|  |TAMS 0x0000000789600000| PB 0x0000000789600000| Complete |  0
| 825|0x0000000789800000, 0x0000000789a00000, 0x0000000789a00000|100%|HC|  |TAMS 0x0000000789800000| PB 0x0000000789800000| Complete |  0
| 826|0x0000000789a00000, 0x0000000789c00000, 0x0000000789c00000|100%|HS|  |TAMS 0x0000000789a00000| PB 0x0000000789a00000| Complete |  0
| 827|0x0000000789c00000, 0x0000000789e00000, 0x0000000789e00000|100%|HC|  |TAMS 0x0000000789c00000| PB 0x0000000789c00000| Complete |  0
| 828|0x0000000789e00000, 0x000000078a000000, 0x000000078a000000|100%|HS|  |TAMS 0x0000000789e00000| PB 0x0000000789e00000| Complete |  0
| 829|0x000000078a000000, 0x000000078a200000, 0x000000078a200000|100%|HC|  |TAMS 0x000000078a000000| PB 0x000000078a000000| Complete |  0
| 830|0x000000078a200000, 0x000000078a400000, 0x000000078a400000|100%|HS|  |TAMS 0x000000078a200000| PB 0x000000078a200000| Complete |  0
| 831|0x000000078a400000, 0x000000078a600000, 0x000000078a600000|100%|HC|  |TAMS 0x000000078a400000| PB 0x000000078a400000| Complete |  0
| 832|0x000000078a600000, 0x000000078a800000, 0x000000078a800000|100%|HS|  |TAMS 0x000000078a600000| PB 0x000000078a600000| Complete |  0
| 833|0x000000078a800000, 0x000000078aa00000, 0x000000078aa00000|100%|HC|  |TAMS 0x000000078a800000| PB 0x000000078a800000| Complete |  0
| 834|0x000000078aa00000, 0x000000078ac00000, 0x000000078ac00000|100%|HS|  |TAMS 0x000000078aa00000| PB 0x000000078aa00000| Complete |  0
| 835|0x000000078ac00000, 0x000000078ae00000, 0x000000078ae00000|100%|HC|  |TAMS 0x000000078ac00000| PB 0x000000078ac00000| Complete |  0
| 836|0x000000078ae00000, 0x000000078b000000, 0x000000078b000000|100%|HS|  |TAMS 0x000000078ae00000| PB 0x000000078ae00000| Complete |  0
| 837|0x000000078b000000, 0x000000078b200000, 0x000000078b200000|100%|HC|  |TAMS 0x000000078b000000| PB 0x000000078b000000| Complete |  0
| 838|0x000000078b200000, 0x000000078b400000, 0x000000078b400000|100%|HS|  |TAMS 0x000000078b200000| PB 0x000000078b200000| Complete |  0
| 839|0x000000078b400000, 0x000000078b600000, 0x000000078b600000|100%|HC|  |TAMS 0x000000078b400000| PB 0x000000078b400000| Complete |  0
| 840|0x000000078b600000, 0x000000078b800000, 0x000000078b800000|100%|HS|  |TAMS 0x000000078b600000| PB 0x000000078b600000| Complete |  0
| 841|0x000000078b800000, 0x000000078ba00000, 0x000000078ba00000|100%|HC|  |TAMS 0x000000078b800000| PB 0x000000078b800000| Complete |  0
| 842|0x000000078ba00000, 0x000000078bc00000, 0x000000078bc00000|100%|HS|  |TAMS 0x000000078ba00000| PB 0x000000078ba00000| Complete |  0
| 843|0x000000078bc00000, 0x000000078be00000, 0x000000078be00000|100%|HC|  |TAMS 0x000000078bc00000| PB 0x000000078bc00000| Complete |  0
| 844|0x000000078be00000, 0x000000078c000000, 0x000000078c000000|100%|HS|  |TAMS 0x000000078be00000| PB 0x000000078be00000| Complete |  0
| 845|0x000000078c000000, 0x000000078c200000, 0x000000078c200000|100%|HC|  |TAMS 0x000000078c000000| PB 0x000000078c000000| Complete |  0
| 846|0x000000078c200000, 0x000000078c400000, 0x000000078c400000|100%|HS|  |TAMS 0x000000078c200000| PB 0x000000078c200000| Complete |  0
| 847|0x000000078c400000, 0x000000078c600000, 0x000000078c600000|100%|HC|  |TAMS 0x000000078c400000| PB 0x000000078c400000| Complete |  0
| 848|0x000000078c600000, 0x000000078c800000, 0x000000078c800000|100%|HS|  |TAMS 0x000000078c600000| PB 0x000000078c600000| Complete |  0
| 849|0x000000078c800000, 0x000000078ca00000, 0x000000078ca00000|100%|HC|  |TAMS 0x000000078c800000| PB 0x000000078c800000| Complete |  0
| 850|0x000000078ca00000, 0x000000078cc00000, 0x000000078cc00000|100%|HS|  |TAMS 0x000000078ca00000| PB 0x000000078ca00000| Complete |  0
| 851|0x000000078cc00000, 0x000000078ce00000, 0x000000078ce00000|100%|HC|  |TAMS 0x000000078cc00000| PB 0x000000078cc00000| Complete |  0
| 852|0x000000078ce00000, 0x000000078d000000, 0x000000078d000000|100%|HS|  |TAMS 0x000000078ce00000| PB 0x000000078ce00000| Complete |  0
| 853|0x000000078d000000, 0x000000078d200000, 0x000000078d200000|100%|HC|  |TAMS 0x000000078d000000| PB 0x000000078d000000| Complete |  0
| 854|0x000000078d200000, 0x000000078d400000, 0x000000078d400000|100%|HS|  |TAMS 0x000000078d200000| PB 0x000000078d200000| Complete |  0
| 855|0x000000078d400000, 0x000000078d600000, 0x000000078d600000|100%|HC|  |TAMS 0x000000078d400000| PB 0x000000078d400000| Complete |  0
| 856|0x000000078d600000, 0x000000078d800000, 0x000000078d800000|100%|HS|  |TAMS 0x000000078d600000| PB 0x000000078d600000| Complete |  0
| 857|0x000000078d800000, 0x000000078da00000, 0x000000078da00000|100%|HC|  |TAMS 0x000000078d800000| PB 0x000000078d800000| Complete |  0
| 858|0x000000078da00000, 0x000000078dc00000, 0x000000078dc00000|100%|HS|  |TAMS 0x000000078da00000| PB 0x000000078da00000| Complete |  0
| 859|0x000000078dc00000, 0x000000078de00000, 0x000000078de00000|100%|HC|  |TAMS 0x000000078dc00000| PB 0x000000078dc00000| Complete |  0
| 860|0x000000078de00000, 0x000000078e000000, 0x000000078e000000|100%|HS|  |TAMS 0x000000078de00000| PB 0x000000078de00000| Complete |  0
| 861|0x000000078e000000, 0x000000078e200000, 0x000000078e200000|100%|HC|  |TAMS 0x000000078e000000| PB 0x000000078e000000| Complete |  0
| 862|0x000000078e200000, 0x000000078e400000, 0x000000078e400000|100%|HS|  |TAMS 0x000000078e200000| PB 0x000000078e200000| Complete |  0
| 863|0x000000078e400000, 0x000000078e600000, 0x000000078e600000|100%|HC|  |TAMS 0x000000078e400000| PB 0x000000078e400000| Complete |  0
| 864|0x000000078e600000, 0x000000078e800000, 0x000000078e800000|100%|HS|  |TAMS 0x000000078e600000| PB 0x000000078e600000| Complete |  0
| 865|0x000000078e800000, 0x000000078ea00000, 0x000000078ea00000|100%|HC|  |TAMS 0x000000078e800000| PB 0x000000078e800000| Complete |  0
| 866|0x000000078ea00000, 0x000000078ec00000, 0x000000078ec00000|100%|HS|  |TAMS 0x000000078ea00000| PB 0x000000078ea00000| Complete |  0
| 867|0x000000078ec00000, 0x000000078ee00000, 0x000000078ee00000|100%|HC|  |TAMS 0x000000078ec00000| PB 0x000000078ec00000| Complete |  0
| 868|0x000000078ee00000, 0x000000078f000000, 0x000000078f000000|100%|HS|  |TAMS 0x000000078ee00000| PB 0x000000078ee00000| Complete |  0
| 869|0x000000078f000000, 0x000000078f200000, 0x000000078f200000|100%|HC|  |TAMS 0x000000078f000000| PB 0x000000078f000000| Complete |  0
| 870|0x000000078f200000, 0x000000078f400000, 0x000000078f400000|100%|HS|  |TAMS 0x000000078f200000| PB 0x000000078f200000| Complete |  0
| 871|0x000000078f400000, 0x000000078f600000, 0x000000078f600000|100%|HC|  |TAMS 0x000000078f400000| PB 0x000000078f400000| Complete |  0
| 872|0x000000078f600000, 0x000000078f800000, 0x000000078f800000|100%|HS|  |TAMS 0x000000078f600000| PB 0x000000078f600000| Complete |  0
| 873|0x000000078f800000, 0x000000078fa00000, 0x000000078fa00000|100%|HC|  |TAMS 0x000000078f800000| PB 0x000000078f800000| Complete |  0
| 874|0x000000078fa00000, 0x000000078fc00000, 0x000000078fc00000|100%|HS|  |TAMS 0x000000078fa00000| PB 0x000000078fa00000| Complete |  0
| 875|0x000000078fc00000, 0x000000078fe00000, 0x000000078fe00000|100%|HC|  |TAMS 0x000000078fc00000| PB 0x000000078fc00000| Complete |  0
| 876|0x000000078fe00000, 0x0000000790000000, 0x0000000790000000|100%|HS|  |TAMS 0x000000078fe00000| PB 0x000000078fe00000| Complete |  0
| 877|0x0000000790000000, 0x0000000790200000, 0x0000000790200000|100%|HC|  |TAMS 0x0000000790000000| PB 0x0000000790000000| Complete |  0
| 878|0x0000000790200000, 0x0000000790400000, 0x0000000790400000|100%|HS|  |TAMS 0x0000000790200000| PB 0x0000000790200000| Complete |  0
| 879|0x0000000790400000, 0x0000000790600000, 0x0000000790600000|100%|HC|  |TAMS 0x0000000790400000| PB 0x0000000790400000| Complete |  0
| 880|0x0000000790600000, 0x0000000790800000, 0x0000000790800000|100%|HS|  |TAMS 0x0000000790600000| PB 0x0000000790600000| Complete |  0
| 881|0x0000000790800000, 0x0000000790a00000, 0x0000000790a00000|100%|HC|  |TAMS 0x0000000790800000| PB 0x0000000790800000| Complete |  0
| 882|0x0000000790a00000, 0x0000000790c00000, 0x0000000790c00000|100%|HS|  |TAMS 0x0000000790a00000| PB 0x0000000790a00000| Complete |  0
| 883|0x0000000790c00000, 0x0000000790e00000, 0x0000000790e00000|100%|HC|  |TAMS 0x0000000790c00000| PB 0x0000000790c00000| Complete |  0
| 884|0x0000000790e00000, 0x0000000791000000, 0x0000000791000000|100%|HS|  |TAMS 0x0000000790e00000| PB 0x0000000790e00000| Complete |  0
| 885|0x0000000791000000, 0x0000000791200000, 0x0000000791200000|100%|HC|  |TAMS 0x0000000791000000| PB 0x0000000791000000| Complete |  0
| 886|0x0000000791200000, 0x0000000791400000, 0x0000000791400000|100%|HS|  |TAMS 0x0000000791200000| PB 0x0000000791200000| Complete |  0
| 887|0x0000000791400000, 0x0000000791600000, 0x0000000791600000|100%|HC|  |TAMS 0x0000000791400000| PB 0x0000000791400000| Complete |  0
| 888|0x0000000791600000, 0x0000000791800000, 0x0000000791800000|100%|HS|  |TAMS 0x0000000791600000| PB 0x0000000791600000| Complete |  0
| 889|0x0000000791800000, 0x0000000791a00000, 0x0000000791a00000|100%|HC|  |TAMS 0x0000000791800000| PB 0x0000000791800000| Complete |  0
| 890|0x0000000791a00000, 0x0000000791c00000, 0x0000000791c00000|100%|HS|  |TAMS 0x0000000791a00000| PB 0x0000000791a00000| Complete |  0
| 891|0x0000000791c00000, 0x0000000791e00000, 0x0000000791e00000|100%|HC|  |TAMS 0x0000000791c00000| PB 0x0000000791c00000| Complete |  0
| 892|0x0000000791e00000, 0x0000000792000000, 0x0000000792000000|100%|HS|  |TAMS 0x0000000791e00000| PB 0x0000000791e00000| Complete |  0
| 893|0x0000000792000000, 0x0000000792200000, 0x0000000792200000|100%|HC|  |TAMS 0x0000000792000000| PB 0x0000000792000000| Complete |  0
| 894|0x0000000792200000, 0x0000000792400000, 0x0000000792400000|100%|HS|  |TAMS 0x0000000792200000| PB 0x0000000792200000| Complete |  0
| 895|0x0000000792400000, 0x0000000792600000, 0x0000000792600000|100%|HC|  |TAMS 0x0000000792400000| PB 0x0000000792400000| Complete |  0
| 896|0x0000000792600000, 0x0000000792800000, 0x0000000792800000|100%|HS|  |TAMS 0x0000000792600000| PB 0x0000000792600000| Complete |  0
| 897|0x0000000792800000, 0x0000000792a00000, 0x0000000792a00000|100%|HC|  |TAMS 0x0000000792800000| PB 0x0000000792800000| Complete |  0
| 898|0x0000000792a00000, 0x0000000792c00000, 0x0000000792c00000|100%|HS|  |TAMS 0x0000000792a00000| PB 0x0000000792a00000| Complete |  0
| 899|0x0000000792c00000, 0x0000000792e00000, 0x0000000792e00000|100%|HC|  |TAMS 0x0000000792c00000| PB 0x0000000792c00000| Complete |  0
| 900|0x0000000792e00000, 0x0000000793000000, 0x0000000793000000|100%|HS|  |TAMS 0x0000000792e00000| PB 0x0000000792e00000| Complete |  0
| 901|0x0000000793000000, 0x0000000793200000, 0x0000000793200000|100%|HC|  |TAMS 0x0000000793000000| PB 0x0000000793000000| Complete |  0
| 902|0x0000000793200000, 0x0000000793400000, 0x0000000793400000|100%|HS|  |TAMS 0x0000000793200000| PB 0x0000000793200000| Complete |  0
| 903|0x0000000793400000, 0x0000000793600000, 0x0000000793600000|100%|HC|  |TAMS 0x0000000793400000| PB 0x0000000793400000| Complete |  0
| 904|0x0000000793600000, 0x0000000793600000, 0x0000000793800000|  0%| F|  |TAMS 0x0000000793600000| PB 0x0000000793600000| Untracked |  0
|1767|0x00000007ff400000, 0x00000007ff5c1b20, 0x00000007ff600000| 87%| O|  |TAMS 0x00000007ff400000| PB 0x00000007ff400000| Untracked |  0
|1768|0x00000007ff600000, 0x00000007ff800000, 0x00000007ff800000|100%| O|  |TAMS 0x00000007ff600000| PB 0x00000007ff600000| Untracked |  0
|1769|0x00000007ff800000, 0x00000007ffa00000, 0x00000007ffa00000|100%| O|  |TAMS 0x00000007ff800000| PB 0x00000007ff800000| Untracked |  0
|1770|0x00000007ffa00000, 0x00000007ffc00000, 0x00000007ffc00000|100%| O|  |TAMS 0x00000007ffa00000| PB 0x00000007ffa00000| Untracked |  0
|1771|0x00000007ffc00000, 0x00000007ffe00000, 0x00000007ffe00000|100%| O|  |TAMS 0x00000007ffc00000| PB 0x00000007ffc00000| Untracked |  0
|1772|0x00000007ffe00000, 0x00000007fff1d248, 0x0000000800000000| 55%| O|Cm|TAMS 0x00000007ffe00000| PB 0x00000007ffe00000| Complete |  0

Card table byte_map: [0x000002016bf60000,0x000002016c650000] _byte_map_base: 0x000002016864d000

Marking Bits: (CMBitMap*) 0x00000201537a9b10
 Bits: [0x000002016c650000, 0x000002016fdb8000)

Polling page: 0x0000020152f20000

Metaspace:

Usage:
  Non-class:      7.92 MB used.
      Class:    671.78 KB used.
       Both:      8.58 MB used.

Virtual space:
  Non-class space:       64.00 MB reserved,       8.06 MB ( 13%) committed,  1 nodes.
      Class space:        1.00 GB reserved,     768.00 KB ( <1%) committed,  1 nodes.
             Both:        1.06 GB reserved,       8.81 MB ( <1%) committed. 

Chunk freelists:
   Non-Class:  7.98 MB
       Class:  15.20 MB
        Both:  23.18 MB

MaxMetaspaceSize: unlimited
CompressedClassSpaceSize: 1.00 GB
Initial GC threshold: 21.00 MB
Current GC threshold: 21.00 MB
CDS: on
 - commit_granule_bytes: 65536.
 - commit_granule_words: 8192.
 - virtual_space_node_default_size: 8388608.
 - enlarge_chunks_in_place: 1.
UseCompressedClassPointers 1, UseCompactObjectHeaders 0
Narrow klass pointer bits 32, Max shift 3
Narrow klass base: 0x0000020100000000, Narrow klass shift: 0
Encoding Range: [0x0000020100000000 - 0x0000020200000000), (4294967296 bytes)
Klass Range:    [0x0000020100000000 - 0x0000020141000000), (1090519040 bytes)
Klass ID Range:  [8 - 1090519033) (1090519025)


Internal statistics:

num_allocs_failed_limit: 0.
num_arena_births: 142.
num_arena_deaths: 0.
num_vsnodes_births: 2.
num_vsnodes_deaths: 0.
num_space_committed: 141.
num_space_uncommitted: 0.
num_chunks_returned_to_freelist: 0.
num_chunks_taken_from_freelist: 192.
num_chunk_merges: 0.
num_chunk_splits: 120.
num_chunks_enlarged: 67.
num_inconsistent_stats: 0.

CodeHeap 'non-profiled nmethods': size=119232Kb used=920Kb max_used=920Kb free=118311Kb
 bounds [0x0000020163b80000, 0x0000020163df0000, 0x000002016aff0000]
CodeHeap 'profiled nmethods': size=119104Kb used=3180Kb max_used=3180Kb free=115923Kb
 bounds [0x000002015bff0000, 0x000002015c310000, 0x0000020163440000]
CodeHeap 'non-nmethods': size=7424Kb used=1494Kb max_used=3227Kb free=5929Kb
 bounds [0x0000020163440000, 0x0000020163770000, 0x0000020163b80000]
CodeCache: size=245760Kb, used=5594Kb, max_used=7327Kb, free=240163Kb
 total_blobs=2643, nmethods=1979, adapters=569, full_count=0
Compilation: enabled, stopped_count=0, restarted_count=0

Compilation events (20 events):
Event: 29.379 Thread 0x0000020172e1c660 1972       4       sun.java2d.pipe.DrawImage::copyImage (105 bytes)
Event: 29.497 Thread 0x0000020172e1c660 nmethod 1972 0x0000020163c5bd88 code [0x0000020163c5c420, 0x0000020163c63da0]
Event: 29.546 Thread 0x0000020172e1c660 1973       4       java.util.WeakHashMap::hash (28 bytes)
Event: 29.547 Thread 0x0000020172e1c660 nmethod 1973 0x0000020163c64208 code [0x0000020163c64300, 0x0000020163c64420]
Event: 29.941 Thread 0x0000020172e1c660 1974       4       java.util.concurrent.ConcurrentHashMap::get (162 bytes)
Event: 29.944 Thread 0x0000020172e1c660 nmethod 1974 0x0000020163c64508 code [0x0000020163c64640, 0x0000020163c64968]
Event: 30.054 Thread 0x0000020172e1c660 1975       4       java.util.concurrent.locks.AbstractQueuedSynchronizer$Node::setPrevRelaxed (12 bytes)
Event: 30.054 Thread 0x0000020172e1c660 nmethod 1975 0x0000020163c64988 code [0x0000020163c64a80, 0x0000020163c64bf8]
Event: 30.339 Thread 0x0000020172e1d310 1976       3       sun.java2d.pipe.Region::getIntersectionXYXY (57 bytes)
Event: 30.340 Thread 0x0000020172e1d310 nmethod 1976 0x000002015c30a488 code [0x000002015c30a620, 0x000002015c30acd8]
Event: 30.708 Thread 0x0000020172e1c660 1977       4       java.awt.geom.Path2D$Float::needRoom (72 bytes)
Event: 30.709 Thread 0x0000020172e1c660 nmethod 1977 0x0000020163c64c88 code [0x0000020163c64da0, 0x0000020163c64ec0]
Event: 30.742 Thread 0x0000020172e1d310 1978       3       java.lang.Integer::equals (31 bytes)
Event: 30.742 Thread 0x0000020172e1d310 nmethod 1978 0x000002015c30ad08 code [0x000002015c30ae40, 0x000002015c30b238]
Event: 31.342 Thread 0x0000020172e1c660 1979       4       jdk.internal.logger.SimpleConsoleLogger::isLoggable (29 bytes)
Event: 31.343 Thread 0x0000020172e1c660 nmethod 1979 0x0000020163c64f88 code [0x0000020163c650a0, 0x0000020163c651c0]
Event: 31.347 Thread 0x0000020172e1c660 1980       4       jdk.internal.logger.AbstractLoggerWrapper::isLoggable (26 bytes)
Event: 31.351 Thread 0x0000020172e1c660 nmethod 1980 0x0000020163c65288 code [0x0000020163c65400, 0x0000020163c65d40]
Event: 31.547 Thread 0x0000020172e1c660 1981   !   4       sun.awt.AppContext::getAppContext (198 bytes)
Event: 31.548 Thread 0x0000020172e1c660 nmethod 1981 0x0000020163c65e08 code [0x0000020163c65f00, 0x0000020163c65fc8]

GC Heap History (4 events):
Event: 5.735 GC heap before
{Heap before GC invocations=0 (full 0):
 garbage-first heap   total reserved 3631104K, committed 229376K, used 132212K [0x0000000722600000, 0x0000000800000000)
  region size 2048K, 16 young (32768K), 0 survivors (0K)
 Metaspace       used 8380K, committed 8576K, reserved 1114112K
  class space    used 671K, committed 768K, reserved 1048576K
}
Event: 5.738 GC heap after
{Heap after GC invocations=1 (full 0):
 garbage-first heap   total reserved 3631104K, committed 229376K, used 112528K [0x0000000722600000, 0x0000000800000000)
  region size 2048K, 3 young (6144K), 3 survivors (6144K)
 Metaspace       used 8380K, committed 8576K, reserved 1114112K
  class space    used 671K, committed 768K, reserved 1048576K
}
Event: 10.314 GC heap before
{Heap before GC invocations=2 (full 0):
 garbage-first heap   total reserved 3631104K, committed 540672K, used 538512K [0x0000000722600000, 0x0000000800000000)
  region size 2048K, 7 young (14336K), 3 survivors (6144K)
 Metaspace       used 8535K, committed 8704K, reserved 1114112K
  class space    used 671K, committed 768K, reserved 1048576K
}
Event: 10.317 GC heap after
{Heap after GC invocations=3 (full 0):
 garbage-first heap   total reserved 3631104K, committed 552960K, used 439314K [0x0000000722600000, 0x0000000800000000)
  region size 2048K, 1 young (2048K), 1 survivors (2048K)
 Metaspace       used 8535K, committed 8704K, reserved 1114112K
  class space    used 671K, committed 768K, reserved 1048576K
}

Dll operation events (9 events):
Event: 0.008 Loaded shared library C:\Program Files\Java\jdk-24\bin\java.dll
Event: 0.035 Loaded shared library C:\Program Files\Java\jdk-24\bin\jsvml.dll
Event: 0.043 Loaded shared library C:\Program Files\Java\jdk-24\bin\net.dll
Event: 0.045 Loaded shared library C:\Program Files\Java\jdk-24\bin\nio.dll
Event: 0.051 Loaded shared library C:\Program Files\Java\jdk-24\bin\zip.dll
Event: 0.175 Loaded shared library C:\Program Files\Java\jdk-24\bin\jimage.dll
Event: 0.183 Loaded shared library C:\Program Files\Java\jdk-24\bin\awt.dll
Event: 0.554 Loaded shared library C:\Program Files\Java\jdk-24\bin\freetype.dll
Event: 0.555 Loaded shared library C:\Program Files\Java\jdk-24\bin\fontmanager.dll

Deoptimization events (20 events):
Event: 6.939 Thread 0x000002014b079d40 DEOPT PACKING pc=0x0000020163bd77a8 sp=0x00000054257ff0d0
Event: 6.939 Thread 0x000002014b079d40 DEOPT UNPACKING pc=0x0000020163556482 sp=0x00000054257ff010 mode 2
Event: 6.939 Thread 0x000002014b079d40 Uncommon trap: trap_request=0xffffff66 fr.pc=0x0000020163bd77a8 relative=0x0000000000000108
Event: 6.939 Thread 0x000002014b079d40 Uncommon trap: reason=speculate_class_check action=maybe_recompile pc=0x0000020163bd77a8 method=java.util.concurrent.locks.ReentrantLock$Sync.lock()V @ 1 c2
Event: 6.939 Thread 0x000002014b079d40 DEOPT PACKING pc=0x0000020163bd77a8 sp=0x00000054257ff0d0
Event: 6.939 Thread 0x000002014b079d40 DEOPT UNPACKING pc=0x0000020163556482 sp=0x00000054257ff010 mode 2
Event: 7.540 Thread 0x000002014b079d40 Uncommon trap: trap_request=0xffffff66 fr.pc=0x0000020163bd77a8 relative=0x0000000000000108
Event: 7.540 Thread 0x000002014b079d40 Uncommon trap: reason=speculate_class_check action=maybe_recompile pc=0x0000020163bd77a8 method=java.util.concurrent.locks.ReentrantLock$Sync.lock()V @ 1 c2
Event: 7.540 Thread 0x000002014b079d40 DEOPT PACKING pc=0x0000020163bd77a8 sp=0x00000054257ff0e0
Event: 7.540 Thread 0x000002014b079d40 DEOPT UNPACKING pc=0x0000020163556482 sp=0x00000054257ff020 mode 2
Event: 8.143 Thread 0x000002014b078240 Uncommon trap: trap_request=0xffffff66 fr.pc=0x0000020163bd77a8 relative=0x0000000000000108
Event: 8.143 Thread 0x000002014b078240 Uncommon trap: reason=speculate_class_check action=maybe_recompile pc=0x0000020163bd77a8 method=java.util.concurrent.locks.ReentrantLock$Sync.lock()V @ 1 c2
Event: 8.143 Thread 0x000002014b078240 DEOPT PACKING pc=0x0000020163bd77a8 sp=0x00000054269ff1a0
Event: 8.143 Thread 0x000002014b078240 DEOPT UNPACKING pc=0x0000020163556482 sp=0x00000054269ff0e0 mode 2
Event: 10.038 Thread 0x000002014b1894f0 DEOPT PACKING pc=0x000002015c2141cd sp=0x0000005426cfeb40
Event: 10.039 Thread 0x000002014b1894f0 DEOPT UNPACKING pc=0x0000020163495722 sp=0x0000005426cfe0c8 mode 0
Event: 10.876 Thread 0x000002014b1894f0 DEOPT PACKING pc=0x000002015c2141cd sp=0x0000005426cfeb40
Event: 10.876 Thread 0x000002014b1894f0 DEOPT UNPACKING pc=0x0000020163495722 sp=0x0000005426cfe0c8 mode 0
Event: 11.086 Thread 0x000002014b1894f0 DEOPT PACKING pc=0x000002015c214227 sp=0x0000005426cfeba0
Event: 11.086 Thread 0x000002014b1894f0 DEOPT UNPACKING pc=0x0000020163495722 sp=0x0000005426cfe128 mode 0

Classes loaded (20 events):
Event: 0.654 Loading class java/util/Vector$1
Event: 0.654 Loading class java/util/Vector$1 done
Event: 0.654 Loading class sun/java2d/d3d/D3DSurfaceDataProxy
Event: 0.654 Loading class sun/java2d/d3d/D3DSurfaceDataProxy done
Event: 0.655 Loading class java/lang/invoke/VarHandleSegmentAsDoubles
Event: 0.655 Loading class java/lang/invoke/VarHandleSegmentAsDoubles done
Event: 0.677 Loading class sun/awt/image/OffScreenImage
Event: 0.677 Loading class sun/awt/image/OffScreenImage done
Event: 0.684 Loading class java/util/WeakHashMap$Values
Event: 0.684 Loading class java/util/WeakHashMap$Values done
Event: 0.684 Loading class java/util/WeakHashMap$ValueIterator
Event: 0.684 Loading class java/util/WeakHashMap$HashIterator
Event: 0.684 Loading class java/util/WeakHashMap$HashIterator done
Event: 0.684 Loading class java/util/WeakHashMap$ValueIterator done
Event: 0.703 Loading class java/util/concurrent/locks/AbstractQueuedSynchronizer$ConditionNode
Event: 0.703 Loading class java/util/concurrent/ForkJoinPool$ManagedBlocker
Event: 0.704 Loading class java/util/concurrent/ForkJoinPool$ManagedBlocker done
Event: 0.704 Loading class java/util/concurrent/locks/AbstractQueuedSynchronizer$ConditionNode done
Event: 5.629 Loading class java/util/concurrent/locks/AbstractQueuedSynchronizer$SharedNode
Event: 5.629 Loading class java/util/concurrent/locks/AbstractQueuedSynchronizer$SharedNode done

Classes unloaded (0 events):
No events

Classes redefined (0 events):
No events

Internal exceptions (20 events):
Event: 0.189 Thread 0x000002015137ed90 Exception <a 'java/io/FileNotFoundException'{0x000000072fcfc898}> (0x000000072fcfc898) 
thrown [s\open\src\hotspot\share\prims\jni.cpp, line 518]
Event: 0.245 Thread 0x000002015137ed90 Exception <a 'java/lang/NoSuchMethodError'{0x000000072fd46030}: 'int java.lang.invoke.DirectMethodHandle$Holder.invokeStaticInit(java.lang.Object, int)'> (0x000000072fd46030) 
thrown [s\open\src\hotspot\share\interpreter\linkResolver.cpp, line 805]
Event: 0.246 Thread 0x000002015137ed90 Exception <a 'java/lang/NoSuchMethodError'{0x000000072fd4e850}: 'long java.lang.invoke.DirectMethodHandle$Holder.invokeStatic(java.lang.Object, java.lang.Object)'> (0x000000072fd4e850) 
thrown [s\open\src\hotspot\share\interpreter\linkResolver.cpp, line 805]
Event: 0.247 Thread 0x000002015137ed90 Exception <a 'java/lang/NoSuchMethodError'{0x000000072fd56870}: 'long java.lang.invoke.DirectMethodHandle$Holder.invokeStaticInit(java.lang.Object, java.lang.Object)'> (0x000000072fd56870) 
thrown [s\open\src\hotspot\share\interpreter\linkResolver.cpp, line 805]
Event: 0.248 Thread 0x000002015137ed90 Exception <a 'java/lang/NoSuchMethodError'{0x000000072fd5f0b8}: 'java.lang.Object java.lang.invoke.DirectMethodHandle$Holder.invokeStatic(java.lang.Object, long, java.lang.Object)'> (0x000000072fd5f0b8) 
thrown [s\open\src\hotspot\share\interpreter\linkResolver.cpp, line 805]
Event: 0.248 Thread 0x000002015137ed90 Exception <a 'java/lang/NoSuchMethodError'{0x000000072fd671d0}: 'java.lang.Object java.lang.invoke.DirectMethodHandle$Holder.invokeStaticInit(java.lang.Object, long, java.lang.Object)'> (0x000000072fd671d0) 
thrown [s\open\src\hotspot\share\interpreter\linkResolver.cpp, line 805]
Event: 0.249 Thread 0x000002015137ed90 Exception <a 'java/lang/NoSuchMethodError'{0x000000072fd6f608}: 'java.lang.Object java.lang.invoke.DirectMethodHandle$Holder.invokeStatic(java.lang.Object, long)'> (0x000000072fd6f608) 
thrown [s\open\src\hotspot\share\interpreter\linkResolver.cpp, line 805]
Event: 0.249 Thread 0x000002015137ed90 Exception <a 'java/lang/NoSuchMethodError'{0x000000072fd77628}: 'java.lang.Object java.lang.invoke.DirectMethodHandle$Holder.invokeStaticInit(java.lang.Object, long)'> (0x000000072fd77628) 
thrown [s\open\src\hotspot\share\interpreter\linkResolver.cpp, line 805]
Event: 0.534 Thread 0x000002015137ed90 Exception <a 'java/lang/NoSuchMethodError'{0x000000072ee26898}: 'long java.lang.invoke.DirectMethodHandle$Holder.invokeStaticInit(java.lang.Object, long, long, long, long)'> (0x000000072ee26898) 
thrown [s\open\src\hotspot\share\interpreter\linkResolver.cpp, line 805]
Event: 0.534 Thread 0x000002015137ed90 Exception <a 'java/lang/NoSuchMethodError'{0x000000072ee2f410}: 'java.lang.Object java.lang.invoke.DirectMethodHandle$Holder.invokeInterface(java.lang.Object, java.lang.Object, long, long)'> (0x000000072ee2f410) 
thrown [s\open\src\hotspot\share\interpreter\linkResolver.cpp, line 805]
Event: 0.536 Thread 0x000002015137ed90 Exception <a 'java/lang/NoSuchMethodError'{0x000000072ee47cf8}: 'void java.lang.invoke.DirectMethodHandle$Holder.invokeStaticInit(java.lang.Object, java.lang.Object, long, java.lang.Object)'> (0x000000072ee47cf8) 
thrown [s\open\src\hotspot\share\interpreter\linkResolver.cpp, line 805]
Event: 0.536 Thread 0x000002015137ed90 Exception <a 'java/lang/NoSuchMethodError'{0x000000072ee50580}: 'long java.lang.invoke.DirectMethodHandle$Holder.invokeStatic(java.lang.Object, long, long)'> (0x000000072ee50580) 
thrown [s\open\src\hotspot\share\interpreter\linkResolver.cpp, line 805]
Event: 0.539 Thread 0x000002015137ed90 Exception <a 'java/lang/NoSuchMethodError'{0x000000072ee791d0}: 'java.lang.Object java.lang.invoke.DirectMethodHandle$Holder.newInvokeSpecial(java.lang.Object, int, java.lang.Object)'> (0x000000072ee791d0) 
thrown [s\open\src\hotspot\share\interpreter\linkResolver.cpp, line 805]
Event: 0.541 Thread 0x000002015137ed90 Exception <a 'java/lang/NoSuchMethodError'{0x000000072ee94610}: 'void java.lang.invoke.DelegatingMethodHandle$Holder.reinvoke_L(java.lang.Object, java.lang.Object, java.lang.Object, java.lang.Object, long, long, int)'> (0x000000072ee94610) 
thrown [s\open\src\hotspot\share\interpreter\linkResolver.cpp, line 805]
Event: 0.544 Thread 0x000002015137ed90 Exception <a 'java/lang/NoSuchMethodError'{0x000000072eeb47e0}: 'java.lang.Object java.lang.invoke.DirectMethodHandle$Holder.invokeStatic(java.lang.Object, java.lang.Object, java.lang.Object, java.lang.Object, java.lang.Object, long)'> (0x000000072eeb47e0) 
thrown [s\open\src\hotspot\share\interpreter\linkResolver.cpp, line 805]
Event: 0.547 Thread 0x000002015137ed90 Exception <a 'java/lang/NoSuchMethodError'{0x000000072eed9010}: 'void java.lang.invoke.DelegatingMethodHandle$Holder.reinvoke_L(java.lang.Object, java.lang.Object, java.lang.Object, java.lang.Object, long, long, long)'> (0x000000072eed9010) 
thrown [s\open\src\hotspot\share\interpreter\linkResolver.cpp, line 805]
Event: 0.549 Thread 0x000002015137ed90 Exception <a 'java/lang/NoSuchMethodError'{0x000000072eef2630}: 'void java.lang.invoke.DirectMethodHandle$Holder.invokeStaticInit(java.lang.Object)'> (0x000000072eef2630) 
thrown [s\open\src\hotspot\share\interpreter\linkResolver.cpp, line 805]
Event: 0.623 Thread 0x000002014b1894f0 Exception <a 'java/lang/NoSuchMethodError'{0x000000072ed12610}: 'void java.lang.invoke.DelegatingMethodHandle$Holder.reinvoke_L(java.lang.Object, java.lang.Object, java.lang.Object, java.lang.Object, long, long, float)'> (0x000000072ed12610) 
thrown [s\open\src\hotspot\share\interpreter\linkResolver.cpp, line 805]
Event: 0.657 Thread 0x000002014b1894f0 Exception <a 'java/lang/NoSuchMethodError'{0x000000072ed701e0}: 'void java.lang.invoke.DelegatingMethodHandle$Holder.reinvoke_L(java.lang.Object, java.lang.Object, java.lang.Object, java.lang.Object, long, long, double)'> (0x000000072ed701e0) 
thrown [s\open\src\hotspot\share\interpreter\linkResolver.cpp, line 805]
Event: 1.013 Thread 0x000002015137ed90 Exception <a 'java/lang/NoSuchMethodError'{0x000000072ecc0258}: 'java.lang.Object java.lang.invoke.DelegatingMethodHandle$Holder.reinvoke_L(java.lang.Object, java.lang.Object, int, java.lang.Object, int, int)'> (0x000000072ecc0258) 
thrown [s\open\src\hotspot\share\interpreter\linkResolver.cpp, line 805]

VM Operations (18 events):
Event: 0.277 Executing VM operation: HandshakeAllThreads (Deoptimize)
Event: 0.277 Executing VM operation: HandshakeAllThreads (Deoptimize) done
Event: 0.285 Executing VM operation: HandshakeAllThreads (Deoptimize)
Event: 0.285 Executing VM operation: HandshakeAllThreads (Deoptimize) done
Event: 0.361 Executing VM operation: HandshakeAllThreads (Deoptimize)
Event: 0.361 Executing VM operation: HandshakeAllThreads (Deoptimize) done
Event: 0.487 Executing VM operation: HandshakeAllThreads (Deoptimize)
Event: 0.487 Executing VM operation: HandshakeAllThreads (Deoptimize) done
Event: 0.641 Executing VM operation: HandshakeAllThreads (Deoptimize)
Event: 0.641 Executing VM operation: HandshakeAllThreads (Deoptimize) done
Event: 5.735 Executing VM operation: G1TryInitiateConcMark (G1 Humongous Allocation)
Event: 5.738 Executing VM operation: G1TryInitiateConcMark (G1 Humongous Allocation) done
Event: 5.741 Executing VM operation: G1PauseRemark
Event: 5.742 Executing VM operation: G1PauseRemark done
Event: 5.743 Executing VM operation: G1PauseCleanup
Event: 5.743 Executing VM operation: G1PauseCleanup done
Event: 10.314 Executing VM operation: G1CollectForAllocation (G1 Evacuation Pause)
Event: 10.317 Executing VM operation: G1CollectForAllocation (G1 Evacuation Pause) done

Memory protections (0 events):
No events

Nmethod flushes (0 events):
No events

Events (20 events):
Event: 3.825 Thread 0x000002015137ed90 Thread added: 0x000002014b076c50
Event: 3.825 Thread 0x000002015137ed90 Thread added: 0x000002014b0773a0
Event: 3.825 Thread 0x000002015137ed90 Thread added: 0x000002014b077af0
Event: 3.825 Thread 0x000002015137ed90 Thread added: 0x000002014afae570
Event: 3.825 Thread 0x000002015137ed90 Thread added: 0x000002014afa9500
Event: 3.826 Thread 0x000002015137ed90 Thread added: 0x000002014afa7f10
Event: 3.826 Thread 0x000002015137ed90 Thread exited: 0x000002015137ed90
Event: 3.826 Thread 0x000002014afa8660 Thread added: 0x000002014afa8660
Event: 4.327 Thread 0x00000201450a1020 Thread exited: 0x00000201450a1020
Event: 4.327 Thread 0x0000020145093500 Thread exited: 0x0000020145093500
Event: 5.511 Thread 0x0000020145cf7c00 Thread exited: 0x0000020145cf7c00
Event: 5.512 Thread 0x0000020145c7e880 Thread exited: 0x0000020145c7e880
Event: 10.113 Thread 0x0000020172e1d310 Thread added: 0x000002014be699f0
Event: 10.239 Thread 0x000002014be699f0 Thread exited: 0x000002014be699f0
Event: 20.714 Thread 0x0000020172e1d310 Thread added: 0x0000020145720190
Event: 20.714 Thread 0x0000020172e1d310 Thread added: 0x0000020145720920
Event: 20.714 Thread 0x0000020172e1d310 Thread added: 0x00000201457210b0
Event: 21.520 Thread 0x0000020145720920 Thread exited: 0x0000020145720920
Event: 21.520 Thread 0x00000201457210b0 Thread exited: 0x00000201457210b0
Event: 21.520 Thread 0x0000020145720190 Thread exited: 0x0000020145720190


Dynamic libraries:
0x00007ff6fffc0000 - 0x00007ff6fffd0000 	C:\Program Files\Java\jdk-24\bin\java.exe
0x00007ffc18210000 - 0x00007ffc18427000 	C:\WINDOWS\SYSTEM32\ntdll.dll
0x00007ffc172b0000 - 0x00007ffc17374000 	C:\WINDOWS\System32\KERNEL32.DLL
0x00007ffc15890000 - 0x00007ffc15c60000 	C:\WINDOWS\System32\KERNELBASE.dll
0x00007ffc15d80000 - 0x00007ffc15e91000 	C:\WINDOWS\System32\ucrtbase.dll
0x00007ffc01710000 - 0x00007ffc01726000 	C:\Program Files\Java\jdk-24\bin\jli.dll
0x00007ffbffe60000 - 0x00007ffbffe7b000 	C:\Program Files\Java\jdk-24\bin\VCRUNTIME140.dll
0x00007ffc16a40000 - 0x00007ffc16bf1000 	C:\WINDOWS\System32\USER32.dll
0x00007ffc04550000 - 0x00007ffc047ec000 	C:\WINDOWS\WinSxS\amd64_microsoft.windows.common-controls_6595b64144ccf1df_6.0.22621.5840_none_2710ea077384a4fe\COMCTL32.dll
0x00007ffc15d50000 - 0x00007ffc15d76000 	C:\WINDOWS\System32\win32u.dll
0x00007ffc17a40000 - 0x00007ffc17ae7000 	C:\WINDOWS\System32\msvcrt.dll
0x00007ffc16a10000 - 0x00007ffc16a39000 	C:\WINDOWS\System32\GDI32.dll
0x00007ffc155f0000 - 0x00007ffc15713000 	C:\WINDOWS\System32\gdi32full.dll
0x00007ffc15390000 - 0x00007ffc1542a000 	C:\WINDOWS\System32\msvcp_win.dll
0x00007ffc17380000 - 0x00007ffc173b1000 	C:\WINDOWS\System32\IMM32.DLL
0x00007ffc02580000 - 0x00007ffc0258c000 	C:\Program Files\Java\jdk-24\bin\vcruntime140_1.dll
0x00007ffbe6640000 - 0x00007ffbe66ce000 	C:\Program Files\Java\jdk-24\bin\msvcp140.dll
0x00007ffb79510000 - 0x00007ffb7a2b1000 	C:\Program Files\Java\jdk-24\bin\server\jvm.dll
0x00007ffc17710000 - 0x00007ffc177c1000 	C:\WINDOWS\System32\ADVAPI32.dll
0x00007ffc17f80000 - 0x00007ffc18028000 	C:\WINDOWS\System32\sechost.dll
0x00007ffc15d20000 - 0x00007ffc15d48000 	C:\WINDOWS\System32\bcrypt.dll
0x00007ffc16d10000 - 0x00007ffc16e28000 	C:\WINDOWS\System32\RPCRT4.dll
0x00007ffc179c0000 - 0x00007ffc17a31000 	C:\WINDOWS\System32\WS2_32.dll
0x00007ffc15030000 - 0x00007ffc1507d000 	C:\WINDOWS\SYSTEM32\POWRPROF.dll
0x00007ffc0e910000 - 0x00007ffc0e91a000 	C:\WINDOWS\SYSTEM32\VERSION.dll
0x00007ffc113c0000 - 0x00007ffc113f4000 	C:\WINDOWS\SYSTEM32\WINMM.dll
0x00007ffc15010000 - 0x00007ffc15023000 	C:\WINDOWS\SYSTEM32\UMPDC.dll
0x00007ffc142e0000 - 0x00007ffc142f8000 	C:\WINDOWS\SYSTEM32\kernel.appcore.dll
0x00007ffc021f0000 - 0x00007ffc021fa000 	C:\Program Files\Java\jdk-24\bin\jimage.dll
0x00007ffc0dbe0000 - 0x00007ffc0de13000 	C:\WINDOWS\SYSTEM32\DBGHELP.DLL
0x00007ffc17be0000 - 0x00007ffc17f71000 	C:\WINDOWS\System32\combase.dll
0x00007ffc16800000 - 0x00007ffc168d8000 	C:\WINDOWS\System32\OLEAUT32.dll
0x00007ffc033f0000 - 0x00007ffc03422000 	C:\WINDOWS\SYSTEM32\dbgcore.DLL
0x00007ffc15310000 - 0x00007ffc1538b000 	C:\WINDOWS\System32\bcryptPrimitives.dll
0x00007ffbffde0000 - 0x00007ffbffdfe000 	C:\Program Files\Java\jdk-24\bin\java.dll
0x00007ffc18030000 - 0x00007ffc181d0000 	C:\WINDOWS\System32\ole32.dll
0x00007ffc15ec0000 - 0x00007ffc16761000 	C:\WINDOWS\System32\SHELL32.dll
0x00007ffc154b0000 - 0x00007ffc155ef000 	C:\WINDOWS\System32\wintypes.dll
0x00007ffc131e0000 - 0x00007ffc13afa000 	C:\WINDOWS\SYSTEM32\windows.storage.dll
0x00007ffc17520000 - 0x00007ffc1762a000 	C:\WINDOWS\System32\SHCORE.dll
0x00007ffc17690000 - 0x00007ffc176f9000 	C:\WINDOWS\System32\shlwapi.dll
0x00007ffc15240000 - 0x00007ffc15265000 	C:\WINDOWS\SYSTEM32\profapi.dll
0x00007ffbe1780000 - 0x00007ffbe1857000 	C:\Program Files\Java\jdk-24\bin\jsvml.dll
0x00007ffc02150000 - 0x00007ffc02160000 	C:\Program Files\Java\jdk-24\bin\net.dll
0x00007ffc147c0000 - 0x00007ffc14829000 	C:\WINDOWS\system32\mswsock.dll
0x00007ffbff450000 - 0x00007ffbff466000 	C:\Program Files\Java\jdk-24\bin\nio.dll
0x00007ffbfae20000 - 0x00007ffbfae37000 	C:\Program Files\Java\jdk-24\bin\zip.dll
0x00007ffbde9c0000 - 0x00007ffbdeb3f000 	C:\Program Files\Java\jdk-24\bin\awt.dll
0x00007ffc109f0000 - 0x00007ffc10a87000 	C:\WINDOWS\SYSTEM32\apphelp.dll
0x00007ffc128c0000 - 0x00007ffc12973000 	C:\WINDOWS\system32\uxtheme.dll
0x00007ffc173c0000 - 0x00007ffc17520000 	C:\WINDOWS\System32\MSCTF.dll
0x00007ffc12b60000 - 0x00007ffc12b8b000 	C:\WINDOWS\system32\DWMAPI.DLL
0x00007ffb8b280000 - 0x00007ffb8b380000 	C:\WINDOWS\system32\opengl32.dll
0x00007ffb8ae60000 - 0x00007ffb8ae8d000 	C:\WINDOWS\SYSTEM32\GLU32.dll
0x00007ffc129f0000 - 0x00007ffc12a27000 	C:\WINDOWS\SYSTEM32\dxcore.dll
0x00007ffb95850000 - 0x00007ffb959f8000 	C:\WINDOWS\system32\d3d9.dll
0x00007ffc0b110000 - 0x00007ffc0b2cb000 	C:\WINDOWS\System32\DriverStore\FileRepository\u0395557.inf_amd64_e0b185debc09c51d\B395243\aticfx64.dll
0x00007ffbf71f0000 - 0x00007ffbf7224000 	C:\WINDOWS\System32\DriverStore\FileRepository\u0395557.inf_amd64_e0b185debc09c51d\B395243\atiu9p64.dll
0x00007ffb74e00000 - 0x00007ffb75b55000 	C:\WINDOWS\System32\DriverStore\FileRepository\u0395557.inf_amd64_e0b185debc09c51d\B395243\atiumd64.dll
0x000000006ad00000 - 0x000000006bc12000 	C:\WINDOWS\System32\DriverStore\FileRepository\u0395557.inf_amd64_e0b185debc09c51d\B395243\atiumd6a.dll
0x00007ffc16e30000 - 0x00007ffc172a4000 	C:\WINDOWS\System32\SETUPAPI.dll
0x00007ffc09100000 - 0x00007ffc09135000 	C:\WINDOWS\SYSTEM32\amdihk64.dll
0x00007ffc0d3e0000 - 0x00007ffc0d42a000 	C:\WINDOWS\SYSTEM32\directxdatabasehelper.dll
0x00007ffbe1300000 - 0x00007ffbe1387000 	C:\Program Files\Java\jdk-24\bin\freetype.dll
0x00007ffbe0060000 - 0x00007ffbe0147000 	C:\Program Files\Java\jdk-24\bin\fontmanager.dll
0x00007ffc07880000 - 0x00007ffc079c5000 	C:\WINDOWS\SYSTEM32\textinputframework.dll

JVMTI agents: none

dbghelp: loaded successfully - version: 4.0.5 - missing functions: none
symbol engine: initialized successfully - sym options: 0x614 - pdb path: .;C:\Program Files\Java\jdk-24\bin;C:\WINDOWS\SYSTEM32;C:\WINDOWS\WinSxS\amd64_microsoft.windows.common-controls_6595b64144ccf1df_6.0.22621.5840_none_2710ea077384a4fe;C:\Program Files\Java\jdk-24\bin\server;C:\WINDOWS\System32\DriverStore\FileRepository\u0395557.inf_amd64_e0b185debc09c51d\B395243

VM Arguments:
java_command: CarreteraPareYSiga
java_class_path (initial): .;KarelJRobot.jar
Launcher Type: SUN_STANDARD

[Global flags]
     intx CICompilerCount                          = 12                                        {product} {ergonomic}
     uint ConcGCThreads                            = 3                                         {product} {ergonomic}
     uint G1ConcRefinementThreads                  = 13                                        {product} {ergonomic}
   size_t G1HeapRegionSize                         = 2097152                                   {product} {ergonomic}
   size_t InitialHeapSize                          = 232783872                                 {product} {ergonomic}
   size_t MarkStackSize                            = 4194304                                   {product} {ergonomic}
   size_t MarkStackSizeMax                         = 536870912                                 {product} {ergonomic}
   size_t MaxHeapSize                              = 3718250496                                {product} {ergonomic}
   size_t MaxNewSize                               = 2229272576                                {product} {ergonomic}
   size_t MinHeapDeltaBytes                        = 2097152                                   {product} {ergonomic}
   size_t MinHeapSize                              = 8388608                                   {product} {ergonomic}
    uintx NonNMethodCodeHeapSize                   = 7602176                                {pd product} {ergonomic}
    uintx NonProfiledCodeHeapSize                  = 122093568                              {pd product} {ergonomic}
    uintx ProfiledCodeHeapSize                     = 121962496                              {pd product} {ergonomic}
    uintx ReservedCodeCacheSize                    = 251658240                              {pd product} {ergonomic}
     bool SegmentedCodeCache                       = true                                      {product} {ergonomic}
   size_t SoftMaxHeapSize                          = 3718250496                             {manageable} {ergonomic}
     bool UseCompressedOops                        = true                           {product lp64_product} {ergonomic}
     bool UseG1GC                                  = true                                      {product} {ergonomic}
     bool UseLargePagesIndividualAllocation        = false                                  {pd product} {ergonomic}

Logging:
Log output configuration:
 #0: stdout all=warning uptime,level,tags foldmultilines=false
 #1: stderr all=off uptime,level,tags foldmultilines=false

Environment Variables:
PATH=C:\Program Files\Common Files\Oracle\Java\javapath;C:\WINDOWS\system32;C:\WINDOWS;C:\WINDOWS\System32\Wbem;C:\WINDOWS\System32\WindowsPowerShell\v1.0\;C:\WINDOWS\System32\OpenSSH\;C:\Program Files\swipl\bin;C:\Program Files\Git\cmd;C:\Users\MILENA ZAPATA\AppData\Local\Programs\Python\Python313\Scripts\;C:\Users\MILENA ZAPATA\AppData\Local\Programs\Python\Python313\;C:\Users\MILENA ZAPATA\AppData\Local\Microsoft\WindowsApps;C:\Users\MILENA ZAPATA\AppData\Local\Programs\Microsoft VS Code\bin;C:\Users\MILENA ZAPATA\AppData\Local\Programs\mongosh\;C:\Users\MILENA ZAPATA\AppData\Local\GitHubDesktop\bin
USERNAME=MILENA ZAPATA
OS=Windows_NT
PROCESSOR_IDENTIFIER=AMD64 Family 25 Model 80 Stepping 0, AuthenticAMD
TMP=C:\Users\MILENA~1\AppData\Local\Temp
TEMP=C:\Users\MILENA~1\AppData\Local\Temp




Periodic native trim disabled

---------------  S Y S T E M  ---------------

OS:
 Windows 11 , 64 bit Build 22621 (10.0.22621.5415)
OS uptime: 0 days 10:20 hours

CPU: total 16 (initial active 16) (16 cores per cpu, 2 threads per core) family 25 model 80 stepping 0 microcode 0x0, cx8, cmov, fxsr, ht, mmx, 3dnowpref, sse, sse2, sse3, ssse3, sse4a, sse4.1, sse4.2, popcnt, lzcnt, tsc, tscinvbit, avx, avx2, aes, erms, clmul, bmi1, bmi2, adx, sha, fma, vzeroupper, clflush, clflushopt, rdtscp, rdpid, fsrm, f16c, pku, cet_ss
Processor Information for the first 16 processors :
  Max Mhz: 2000, Current Mhz: 2000, Mhz Limit: 2000

Memory: 4k page, system-wide physical 14181M (925M free)
TotalPageFile size 57189M (AvailPageFile size 4M)
current process WorkingSet (physical memory assigned to process): 1794M, peak: 1794M
current process commit charge ("private bytes"): 2029M, peak: 2030M

vm_info: Java HotSpot(TM) 64-Bit Server VM (24.0.2+12-54) for windows-amd64 JRE (24.0.2+12-54), built on 2025-07-08T12:10:27Z with MS VC++ 17.6 (VS2022)

END.
